action_type_normalized,action_type_raw,company_aliases,company_name_normalized,company_name_raw,country_or_national_scale,extracted_at,extraction_confidence,id,long_term_rating_raw,notes,outlook_normalized,outlook_raw,pdf_url,publish_date,rating_date,rating_scale,report_url,sector_normalized,sector_raw,short_term_rating_raw,source_agency,source_url,valid_until
,,,TURK İLAÇ VE SERUM SANAYİ,TURK İLAÇ VE SERUM SANAYİ ANONİM ŞİRKETİ,TR,2026-06-10T11:45:33.167349Z,0.85,rating_224ff5f74e0fb901d0c76a82,CC (tr),Uluslararasi yabanci para: C; uluslararasi yerel para: C; uluslararasi gorunum: Durağan,Durağan,Durağan,,2026-06-03,2026-06-03,National,https://www.jcrer.com.tr/tr/derecelendirme/raporlar/kredi-derecelendirme/turk-ilac-ve-serum-sanayi-anonim-sirketi?documentId=0d6b79f8-6a12-490f-bd8b-940786fbd432,İLAÇ,İLAÇ,J5 (tr),JCR Eurasia,https://www.jcrer.com.tr/tr/derecelendirme/raporlar/kredi-derecelendirme,
İlk Kez,İlk Kez,,Pasha Yatırım Bankası . Maygold Otomotiv Üçüncü Varlık Finansmanı Fonu,Pasha Yatırım Bankası A.Ş. Maygold Otomotiv Üçüncü Varlık Finansmanı Fonu,TR,2026-06-10T11:46:44.711815Z,0.9,rating_68799e78458b9d025cb56b8e,TR BBB-,,,-,https://turkrating.com/files/uploads/pasha-yatirim-bankasi-as-maygold-otomotiv-ucuncu-varlik-finansmani-fonu-4057.pdf,2026-06-01,2026-06-01,National,https://turkrating.com/files/uploads/pasha-yatirim-bankasi-as-maygold-otomotiv-ucuncu-varlik-finansmani-fonu-4057.pdf,Varlığa Dayalı Menkul Kıymet,Varlığa Dayalı Menkul Kıymet,TR A3,TurkRating,https://turkrating.com/borclanma-araclari-rl-52940.html,
Güncelleme,Güncelleme,,Tarfin Tarım,Tarfin Tarım A.Ş.,TR,2026-06-10T11:46:44.561628Z,0.9,rating_9247eba44bf5f7f627e0afad,TR A,,Durağan,Durağan,https://turkrating.com/files/uploads/tarfin-tarim-as-8519.pdf,2026-05-26,2026-05-26,National,https://turkrating.com/files/uploads/tarfin-tarim-as-8519.pdf,Tarımsal Ticaret,Tarımsal Ticaret,TR A2,TurkRating,https://turkrating.com/reel-sektor-rl-81570.html,
,,,Ata Yatırım,Ata Yatırım,TR,2026-06-10T11:45:51.420591Z,0.55,rating_3bbca8b8e309e5b72aa7bd2c,(TR) A,,Durağan,Stabil,https://saharating.com/wp-content/uploads/2024/05/ATA-260526-C-TR.pdf,,2026-05-26,National,https://saharating.com/ratingler/ata-yatirim-menkul-kiymetler-a-s/,,,(TR) A1,SAHA Rating,https://saharating.com/rating/kredi-derecelendirme-ratingler/,
,,,DENİZ FAKTORİNG,DENİZ FAKTORİNG A.Ş.,TR,2026-06-10T11:19:47.175146Z,0.9,rating_27ddd979bb43ccd3c0aeac8c,KR AAA,KobiRate detail page parsed; public PDF/report URL is only stored when the page exposes a direct link.,Durağan,DURAĞAN,,2026-05-25,2026-05-25,National,,Faktoring,Faktöring Şirketleri,KR-1,KobiRate,https://www.kobirate.com.tr/Kredi-Derecelendirme-Raporlari/detay.aspx?id=4311,2027-05-25
,,,BAŞTAŞ BAŞKENT ÇİMENTO SANAYİ VE TİCARET,BAŞTAŞ BAŞKENT ÇİMENTO SANAYİ VE TİCARET A.Ş.,TR,2026-06-10T11:45:33.167983Z,0.85,rating_9f65663a80ee424210d5818f,AA- (tr),Uluslararasi yabanci para: BBB+; uluslararasi yerel para: BBB+; uluslararasi gorunum: Durağan,Durağan,Durağan,,2026-05-22,2026-05-22,National,https://www.jcrer.com.tr/tr/derecelendirme/raporlar/kredi-derecelendirme/bastas-baskent-cimento-sanayi-ve-ticaret-as?documentId=0597a462-c459-43e4-9fed-4da0c6fdc6ad,İNŞAAT MALZEMESİ ÜRETİMİ,İNŞAAT MALZEMESİ ÜRETİMİ,J1+ (tr),JCR Eurasia,https://www.jcrer.com.tr/tr/derecelendirme/raporlar/kredi-derecelendirme,
,,,AYDEM YENİLENEBİLİR ENERJİ,AYDEM YENİLENEBİLİR ENERJİ A.Ş.,TR,2026-06-10T11:45:33.167913Z,0.85,rating_719bff05f7dacf5011e91a33,BBB+ (tr),Uluslararasi yabanci para: BB; uluslararasi yerel para: BB; uluslararasi gorunum: Durağan,Durağan,Durağan,,2026-05-22,2026-05-22,National,https://www.jcrer.com.tr/tr/derecelendirme/raporlar/kredi-derecelendirme/aydem-yenilenebilir-enerji-as?documentId=b6b6f812-921b-4ab0-9a42-810de3ba2448,ENERJİ,ENERJİ,J2 (tr),JCR Eurasia,https://www.jcrer.com.tr/tr/derecelendirme/raporlar/kredi-derecelendirme,
,,,KORDSA TEKNİK TEKSTİL,KORDSA TEKNİK TEKSTİL ANONİM ŞİRKETİ,TR,2026-06-10T11:45:33.167850Z,0.85,rating_74e8e7d4986c46d052822261,AA+ (tr),Uluslararasi yabanci para: BBB+; uluslararasi yerel para: BBB+; uluslararasi gorunum: Durağan,Durağan,Durağan,,2026-05-22,2026-05-22,National,https://www.jcrer.com.tr/tr/derecelendirme/raporlar/kredi-derecelendirme/kordsa-teknik-tekstil-anonim-sirketi?documentId=a77f92a5-e28b-4f51-8650-3845d93f52a4,İMALAT,İMALAT,J1+ (tr),JCR Eurasia,https://www.jcrer.com.tr/tr/derecelendirme/raporlar/kredi-derecelendirme,
,,,MARSHALL BOYA VE VERNİK SANAYİ,MARSHALL BOYA VE VERNİK SANAYİ ANONİM ŞİRKETİ,TR,2026-06-10T11:45:33.167788Z,0.85,rating_fbeaf381eb1d10cca4eb34e5,A+ (tr),Uluslararasi yabanci para: BBB; uluslararasi yerel para: BBB; uluslararasi gorunum: Durağan,Durağan,Durağan,,2026-05-22,2026-05-22,National,https://www.jcrer.com.tr/tr/derecelendirme/raporlar/kredi-derecelendirme/marshall-boya-ve-vernik-sanayi-anonim-sirketi?documentId=fa27a264-a6e0-414b-9a94-6cfa37238619,KİMYA,KİMYA,J1 (tr),JCR Eurasia,https://www.jcrer.com.tr/tr/derecelendirme/raporlar/kredi-derecelendirme,
,,,KONYA ÇİMENTO SANAYİİ,KONYA ÇİMENTO SANAYİİ ANONİM ŞİRKETİ,TR,2026-06-10T11:45:33.167712Z,0.85,rating_c3755d475317da0d9ae8fa5a,AA- (tr),Uluslararasi yabanci para: BBB+; uluslararasi yerel para: BBB+; uluslararasi gorunum: Durağan,Durağan,Durağan,,2026-05-22,2026-05-22,National,https://www.jcrer.com.tr/tr/derecelendirme/raporlar/kredi-derecelendirme/konya-cimento-sanayii-anonim-sirketi?documentId=4461a56c-b54c-40a0-b822-76009aff9d24,İNŞAAT MALZEMESİ ÜRETİMİ,İNŞAAT MALZEMESİ ÜRETİMİ,J1+ (tr),JCR Eurasia,https://www.jcrer.com.tr/tr/derecelendirme/raporlar/kredi-derecelendirme,
,,,ARD GRUP BİLİŞİM TEKNOLOJİLERİ,ARD GRUP BİLİŞİM TEKNOLOJİLERİ ANONİM ŞİRKETİ,TR,2026-06-10T11:45:33.167647Z,0.85,rating_d6c7e0c58cde0a6efa1068ce,AA- (tr),Uluslararasi yabanci para: BB; uluslararasi yerel para: BB; uluslararasi gorunum: Durağan,Durağan,Durağan,,2026-05-22,2026-05-22,National,https://www.jcrer.com.tr/tr/derecelendirme/raporlar/kredi-derecelendirme/ard-grup-bilisim-teknolojileri-anonim-sirketi?documentId=13dc936f-5312-44c5-bd8e-8b52cc360b61,BİLGİ TEKNOLOJİLERİ,BİLGİ TEKNOLOJİLERİ,J1+ (tr),JCR Eurasia,https://www.jcrer.com.tr/tr/derecelendirme/raporlar/kredi-derecelendirme,
,,,KARSAN OTOMOTİV SANAYİ VE TİCARET,KARSAN OTOMOTİV SANAYİ VE TİCARET ANONİM ŞİRKETİ,TR,2026-06-10T11:45:33.167583Z,0.85,rating_84253e997e179fb54e12a078,A+ (tr),Uluslararasi yabanci para: BB; uluslararasi yerel para: BB; uluslararasi gorunum: Durağan,Durağan,Durağan,,2026-05-22,2026-05-22,National,https://www.jcrer.com.tr/tr/derecelendirme/raporlar/kredi-derecelendirme/karsan-otomotiv-sanayi-ve-ticaret-anonim-sirketi?documentId=40121f97-5a7f-43cd-b67e-b691add30010,OTOMOTİV,OTOMOTİV,J1 (tr),JCR Eurasia,https://www.jcrer.com.tr/tr/derecelendirme/raporlar/kredi-derecelendirme,
,,,OTOKAR OTOMOTİV VE SAVUNMA SANAYİ,OTOKAR OTOMOTİV VE SAVUNMA SANAYİ A.Ş.,TR,2026-06-10T11:45:33.167519Z,0.85,rating_2b73cc7cf46d9509d9f686d7,A (tr),Uluslararasi yabanci para: BB; uluslararasi yerel para: BB; uluslararasi gorunum: Durağan,Durağan,Durağan,,2026-05-22,2026-05-22,National,https://www.jcrer.com.tr/tr/derecelendirme/raporlar/kredi-derecelendirme/otokar-otomotiv-ve-savunma-sanayi-a-s?documentId=8cc19658-8c6e-4390-aad3-8133757442c5,OTOMOTİV,OTOMOTİV,J1 (tr),JCR Eurasia,https://www.jcrer.com.tr/tr/derecelendirme/raporlar/kredi-derecelendirme,
,,,DAGİ GİYİM SANAYİ VE TİCARET,DAGİ GİYİM SANAYİ VE TİCARET A.Ş.,TR,2026-06-10T11:45:33.167449Z,0.85,rating_df7da378c7d8f4c96e158dbd,BBB (tr),Uluslararasi yabanci para: BB; uluslararasi yerel para: BB; uluslararasi gorunum: Durağan,Durağan,Durağan,,2026-05-22,2026-05-22,National,https://www.jcrer.com.tr/tr/derecelendirme/raporlar/kredi-derecelendirme/dagi-giyim-sanayi-ve-ticaret-as?documentId=35b7aae9-4964-478c-b04a-69002b5902dd,TEKSTİL,TEKSTİL,J2 (tr),JCR Eurasia,https://www.jcrer.com.tr/tr/derecelendirme/raporlar/kredi-derecelendirme,
,,,NEO MENKUL DEĞERLER,NEO MENKUL DEĞERLER A.Ş.,TR,2026-06-10T11:19:47.189032Z,0.9,rating_3ee25715a47c13a32aa3c38b,KR BBB-,KobiRate detail page parsed; public PDF/report URL is only stored when the page exposes a direct link.,Durağan,DURAĞAN,,2026-05-22,2026-05-22,National,,Finans ve sigorta faaliyetleri,Finans ve sigorta faaliyetleri,KR A-3,KobiRate,https://www.kobirate.com.tr/Kredi-Derecelendirme-Raporlari/detay.aspx?id=5579,2027-05-22
,,,ŞEKER FİNANSAL KİRALAMA,ŞEKER FİNANSAL KİRALAMA A.Ş.,TR,2026-06-10T11:19:47.186420Z,0.9,rating_e9a84df4fc40c64676063ec3,KR AA,KobiRate detail page parsed; public PDF/report URL is only stored when the page exposes a direct link.,Pozitif,POZİTİF,,2026-05-22,2026-05-22,National,,Leasing Şirketleri,Leasing Şirketleri,KR A-1,KobiRate,https://www.kobirate.com.tr/Kredi-Derecelendirme-Raporlari/detay.aspx?id=5526,2027-05-22
,,,Koç Stellantis,Koç Stellantis,TR,2026-06-10T11:45:51.476803Z,0.55,rating_e364b96ecdb5c4dde16ae965,(TR) AA,,Pozitif,Pozitif,https://saharating.com/wp-content/uploads/2025/05/KSFIN-260522-C-TR-OZET.pdf,,2026-05-22,National,https://saharating.com/ratingler/koc-fiat-kredi-finansman-a-s/,,,(TR) A1+,SAHA Rating,https://saharating.com/rating/kredi-derecelendirme-ratingler/,
,,,GEDIK,GEDIK,TR,2026-06-10T11:45:51.446219Z,0.55,rating_6f5b1b5419902c7c34623760,(TR) AA+,,Durağan,Stabil,https://saharating.com/wp-content/uploads/2025/05/GEDIK-260512-C-TR-OZET.pdf,,2026-05-12,National,https://saharating.com/ratingler/gedik-yatirim-menkul-degerler-a-s/,,,(TR) A1+,SAHA Rating,https://saharating.com/rating/kredi-derecelendirme-ratingler/,
Güncelleme,Güncelleme,,Eko Faktoring,Eko Faktoring A.Ş.,TR,2026-06-10T11:46:44.618313Z,0.9,rating_a8d1104e9ac06a77e4b4c405,TR A-,,Negatif,Negatif,https://turkrating.com/files/uploads/eko-faktoring-as-4560.pdf,2026-05-09,2026-05-09,National,https://turkrating.com/files/uploads/eko-faktoring-as-4560.pdf,Faktoring,Faktoring,TR A2,TurkRating,https://turkrating.com/banka-disi-finans-kuruluslari-rl-08941.html,
Güncelleme,Güncelleme,,Akdeniz Faktoring,Akdeniz Faktoring A.Ş.,TR,2026-06-10T11:46:44.619444Z,0.9,rating_dcb8655f5a359fcf0be73d59,TR BBB,,Durağan,Durağan,https://turkrating.com/files/uploads/akdeniz-faktoring-as-8650.pdf,2026-04-30,2026-04-30,National,https://turkrating.com/files/uploads/akdeniz-faktoring-as-8650.pdf,Faktoring,Faktoring,TR A3,TurkRating,https://turkrating.com/banka-disi-finans-kuruluslari-rl-08941.html,
Güncelleme,Güncelleme,,Fiba Faktoring,Fiba Faktoring A.Ş.,TR,2026-06-10T11:46:44.620502Z,0.9,rating_2994871fc3746192bd388e98,TR AA,,Durağan,Durağan,https://turkrating.com/files/uploads/fiba-faktoring-as-8152.pdf,2026-04-29,2026-04-29,National,https://turkrating.com/files/uploads/fiba-faktoring-as-8152.pdf,Faktoring,Faktoring,TR A1,TurkRating,https://turkrating.com/banka-disi-finans-kuruluslari-rl-08941.html,
,,,Midas,Midas,TR,2026-06-10T11:45:51.493300Z,0.55,rating_e6915d61a722622541b46fc7,(TR) A-,,Durağan,Stabil,https://saharating.com/wp-content/uploads/2025/04/MDS-260429-C-TR-OZET.pdf,,2026-04-29,National,https://saharating.com/ratingler/midas-menkul-degerler-a-s/,,,(TR) A2,SAHA Rating,https://saharating.com/rating/kredi-derecelendirme-ratingler/,
,,,Anadolu Grubu Holding,Anadolu Grubu Holding,TR,2026-06-10T11:45:51.410317Z,0.55,rating_5e76e1e86d764c21df9aaa58,(TR) AAA,,Durağan,Stabil,https://saharating.com/wp-content/uploads/2025/07/AGHOL-250429-C-TR-OZET.pdf,,2026-04-29,National,https://saharating.com/ratingler/ag-anadolu-grubu-holding-a-s/,,,(TR) A1+,SAHA Rating,https://saharating.com/rating/kredi-derecelendirme-ratingler/,
Güncelleme,Güncelleme,,Invest-AZ Yatırım Menkul Değerler,Invest-AZ Yatırım Menkul Değerler A.Ş.,TR,2026-06-10T11:46:44.620941Z,0.9,rating_f62a4127e08e9068c5bccf00,TR BBB+,,Durağan,Durağan,https://turkrating.com/files/uploads/invest-az-yatirim-menkul-degerler-as-6841.pdf,2026-04-28,2026-04-28,National,https://turkrating.com/files/uploads/invest-az-yatirim-menkul-degerler-as-6841.pdf,Aracı Kurum,Aracı Kurum,TR A2,TurkRating,https://turkrating.com/banka-disi-finans-kuruluslari-rl-08941.html,
,,,ING FİNANSAL KİRALAMA,ING FİNANSAL KİRALAMA A.Ş.,TR,2026-06-10T11:19:47.174716Z,0.9,rating_a64cb3bc91275dac62e8877c,KR AA,KobiRate detail page parsed; public PDF/report URL is only stored when the page exposes a direct link.,Durağan,DURAĞAN,,2026-04-21,2026-04-21,National,,Leasing Şirketleri,Leasing Şirketleri,KR A-1,KobiRate,https://www.kobirate.com.tr/Kredi-Derecelendirme-Raporlari/detay.aspx?id=5578,2027-04-21
,,,Mercan Kimya,Mercan Kimya,TR,2026-06-10T11:45:51.491462Z,0.55,rating_9e2d21376a20bda1d2ce3510,(TR) A+,,Durağan,Stabil,https://saharating.com/wp-content/uploads/2025/02/MERCN-260420-C-TR-OZET.pdf,,2026-04-20,National,https://saharating.com/ratingler/mercan-kimya-sanayi-ve-tic-a-s/,,,(TR) A1,SAHA Rating,https://saharating.com/rating/kredi-derecelendirme-ratingler/,
Güncelleme,Güncelleme,a1 capital; a1 capital yatirim; a1 capital yatirim menkul degerler,A1 Capital Yatırım Menkul Değerler,A1 Capital Yatırım Menkul Değerler A.Ş.,TR,2026-06-10T11:46:44.621377Z,0.9,rating_039521c2017b695f4347bcfe,TR AA-,,Durağan,Durağan,https://turkrating.com/files/uploads/a1-capital-yatirim-menkul-degerler-as-3294.pdf,2026-04-18,2026-04-18,National,https://turkrating.com/files/uploads/a1-capital-yatirim-menkul-degerler-as-3294.pdf,Aracı Kurum,Aracı Kurum,TR A1,TurkRating,https://turkrating.com/banka-disi-finans-kuruluslari-rl-08941.html,
Güncelleme,Güncelleme,dunya varlik; dunya varlik yonetim,Dünya Varlık Yönetim,Dünya Varlık Yönetim A.Ş.,TR,2026-06-10T11:46:44.622186Z,0.9,rating_24de722fe57bc49b1b91effb,TR AA+,,Durağan,Durağan,https://turkrating.com/files/uploads/dunya-varlik-yonetim-as-7968.pdf,2026-04-17,2026-04-17,National,https://turkrating.com/files/uploads/dunya-varlik-yonetim-as-7968.pdf,Varlık Yönetim,Varlık Yönetim,TR A1,TurkRating,https://turkrating.com/banka-disi-finans-kuruluslari-rl-08941.html,
Güncelleme,Güncelleme,,Creditwest Faktoring,Creditwest Faktoring A.Ş.,TR,2026-06-10T11:46:44.621784Z,0.9,rating_9c7a9e87ae1d7073926c305b,TR A+,,Pozitif,Pozitif,https://turkrating.com/files/uploads/creditwest-faktoring-as-2571.pdf,2026-04-17,2026-04-17,National,https://turkrating.com/files/uploads/creditwest-faktoring-as-2571.pdf,Faktoring,Faktoring,TR A1,TurkRating,https://turkrating.com/banka-disi-finans-kuruluslari-rl-08941.html,
,,q faktoring; q finans faktoring,Q Faktoring,Q Faktoring,TR,2026-06-10T11:45:51.506310Z,0.55,rating_15151a6fc56c79ed30c46314,(TR) A-,,Durağan,Stabil,https://saharating.com/wp-content/uploads/2025/04/QFINF-260417-C-TR-OZET.pdf,,2026-04-17,National,https://saharating.com/ratingler/q-finans-faktoring-a-s/,,,(TR) A2,SAHA Rating,https://saharating.com/rating/kredi-derecelendirme-ratingler/,
Güncelleme,Güncelleme,,Optima Faktoring,Optima Faktoring A.Ş.,TR,2026-06-10T11:46:44.622908Z,0.9,rating_ac4f979a9cd055a22c2342c5,TR A-,,Durağan,Durağan,https://turkrating.com/files/uploads/optima-faktoring-as-5287.pdf,2026-04-13,2026-04-13,National,https://turkrating.com/files/uploads/optima-faktoring-as-5287.pdf,Faktoring,Faktoring,TR A2,TurkRating,https://turkrating.com/banka-disi-finans-kuruluslari-rl-08941.html,
Güncelleme,Güncelleme,gelecek varlik; gelecek varlik yonetim,Gelecek Varlık Yönetim,Gelecek Varlık Yönetim A.Ş.,TR,2026-06-10T11:46:44.622543Z,0.9,rating_534600f1845e36c2d158afb6,TR AA+,,Pozitif,Pozitif,https://turkrating.com/files/uploads/gelecek-varlik-yonetim-as-4906.pdf,2026-04-13,2026-04-13,National,https://turkrating.com/files/uploads/gelecek-varlik-yonetim-as-4906.pdf,Varlık Yönetim,Varlık Yönetim,TR A1,TurkRating,https://turkrating.com/banka-disi-finans-kuruluslari-rl-08941.html,
İlk Kez,İlk Kez,adil varlik; adil varlik yonetim,Adil Varlık Yönetim,Adil Varlık Yönetim A.Ş.,TR,2026-06-10T11:46:44.623251Z,0.9,rating_7776adbb4f1ce20b953a7aff,TR A-,,Durağan,Durağan,https://turkrating.com/files/uploads/adil-varlik-yonetim-as-0986.pdf,2026-04-09,2026-04-09,National,https://turkrating.com/files/uploads/adil-varlik-yonetim-as-0986.pdf,Varlık Yönetim,Varlık Yönetim,TR A2,TurkRating,https://turkrating.com/banka-disi-finans-kuruluslari-rl-08941.html,
,,,Koç Finansman,Koç Finansman,TR,2026-06-10T11:45:51.469295Z,0.55,rating_b15d011585761b2afd83f4e3,(TR) AA,,Pozitif,Pozitif,https://saharating.com/wp-content/uploads/2024/04/KOCFN-260408-C-TR-OZET.pdf,,2026-04-08,National,https://saharating.com/ratingler/koc-finansman-a-s/,,,(TR) A1+,SAHA Rating,https://saharating.com/rating/kredi-derecelendirme-ratingler/,
,,,Orfin Finansman,Orfin Finansman,TR,2026-06-10T11:45:51.498126Z,0.55,rating_05c696b64d11c42588e9b94a,(TR) AA+,,Durağan,Stabil,https://saharating.com/wp-content/uploads/2025/04/ORFIN-260407-C-TR-OZET.pdf,,2026-04-07,National,https://saharating.com/ratingler/orfin-finansman-a-s/,,,(TR) A1+,SAHA Rating,https://saharating.com/rating/kredi-derecelendirme-ratingler/,
Güncelleme,Güncelleme,,QNB Yatırım Menkul Değerler,QNB Yatırım Menkul Değerler A.Ş.,TR,2026-06-10T11:46:44.623598Z,0.9,rating_051e09c167516a7bd51cd10f,TR AAA,,Durağan,Durağan,https://turkrating.com/files/uploads/qnb-yatirim-menkul-degerler-as-0356.pdf,2026-04-04,2026-04-04,National,https://turkrating.com/files/uploads/qnb-yatirim-menkul-degerler-as-0356.pdf,Aracı Kurum,Aracı Kurum,TR A1,TurkRating,https://turkrating.com/banka-disi-finans-kuruluslari-rl-08941.html,
,,,ALJ Finansman,ALJ Finansman,TR,2026-06-10T11:45:51.417848Z,0.55,rating_151a129e4be0270138252753,(TR) A+,,Durağan,Stabil,https://saharating.com/wp-content/uploads/2025/04/ALJF-260403-C-TR-OZET.pdf,,2026-04-03,National,https://saharating.com/ratingler/alj-finansman-a-s/,,,(TR) A1,SAHA Rating,https://saharating.com/rating/kredi-derecelendirme-ratingler/,
Güncelleme,Güncelleme,dogru varlik; dogru varlik yonetim,Doğru Varlık Yönetim,Doğru Varlık Yönetim A.Ş.,TR,2026-06-10T11:46:44.623915Z,0.9,rating_a59a31a644192137e4a7fb32,TR BBB+,,Durağan,Durağan,https://turkrating.com/files/uploads/dogru-varlik-yonetim-as-6935.pdf,2026-03-31,2026-03-31,National,https://turkrating.com/files/uploads/dogru-varlik-yonetim-as-6935.pdf,Varlık Yönetim,Varlık Yönetim,TR A3,TurkRating,https://turkrating.com/banka-disi-finans-kuruluslari-rl-08941.html,
Güncelleme,Güncelleme,,Atılım Faktoring,Atılım Faktoring A.Ş.,TR,2026-06-10T11:46:44.624614Z,0.9,rating_8225a267d6c8970d249b5e98,TR A+,,Durağan,Durağan,https://turkrating.com/files/uploads/atilim-faktoring-as-5241.pdf,2026-03-27,2026-03-27,National,https://turkrating.com/files/uploads/atilim-faktoring-as-5241.pdf,Faktoring,Faktoring,TR A1,TurkRating,https://turkrating.com/banka-disi-finans-kuruluslari-rl-08941.html,
Güncelleme,Güncelleme,birikim varlik; birikim varlik yonetim,Birikim Varlık Yönetim,Birikim Varlık Yönetim A.Ş.,TR,2026-06-10T11:46:44.624259Z,0.9,rating_14f6f8d10bd2ce401f993176,TR A+,,Durağan,Durağan,https://turkrating.com/files/uploads/birikim-varlik-yonetim-as-1928.pdf,2026-03-27,2026-03-27,National,https://turkrating.com/files/uploads/birikim-varlik-yonetim-as-1928.pdf,Varlık Yönetim,Varlık Yönetim,TR A1,TurkRating,https://turkrating.com/banka-disi-finans-kuruluslari-rl-08941.html,
İlk Kez,İlk Kez,,Kent Finans Faktoring,Kent Finans Faktoring A.Ş.,TR,2026-06-10T11:46:44.624953Z,0.9,rating_94c33263b0544ccc0798deeb,TR AA-,,Durağan,Durağan,https://turkrating.com/files/uploads/kent-finans-faktoring-as-7438.pdf,2026-03-26,2026-03-26,National,https://turkrating.com/files/uploads/kent-finans-faktoring-as-7438.pdf,Faktoring,Faktoring,TR A1,TurkRating,https://turkrating.com/banka-disi-finans-kuruluslari-rl-08941.html,
,,,ÇAĞDAŞ FAKTORİNG,ÇAĞDAŞ FAKTORİNG A.Ş.,TR,2026-06-10T11:19:47.189347Z,0.9,rating_bba4359e43fc5ace05f3007a,KR AA+,KobiRate detail page parsed; public PDF/report URL is only stored when the page exposes a direct link.,Durağan,DURAĞAN,,2026-03-26,2026-03-26,National,,Faktoring,Faktöring Şirketleri,KR A-1,KobiRate,https://www.kobirate.com.tr/Kredi-Derecelendirme-Raporlari/detay.aspx?id=1044,2027-03-26
,,,Yatırım Finansman,Yatırım Finansman,TR,2026-06-10T11:45:51.545276Z,0.55,rating_b473ecda33d17a55ec395048,(TR) AA-,,Durağan,Stabil,https://saharating.com/wp-content/uploads/2026/03/YFMEN-260319-C-TR.pdf,,2026-03-19,National,https://saharating.com/ratingler/yatirim-finansman-menkul-degerler-a-s/,,,(TR) A1+,SAHA Rating,https://saharating.com/rating/kredi-derecelendirme-ratingler/,
Güncelleme,Güncelleme,,Ak Faktoring,Ak Faktoring A.Ş.,TR,2026-06-10T11:46:44.625649Z,0.9,rating_ddac7619aa357c36da5fe427,TR BBB+,,Pozitif,Pozitif,https://turkrating.com/files/uploads/ak-faktoring-as-9236.pdf,2026-03-13,2026-03-13,National,https://turkrating.com/files/uploads/ak-faktoring-as-9236.pdf,Faktoring,Faktoring,TR A2,TurkRating,https://turkrating.com/banka-disi-finans-kuruluslari-rl-08941.html,
Güncelleme,Güncelleme,,Halk Finansal Kiralama,Halk Finansal Kiralama A.Ş.,TR,2026-06-10T11:46:44.625303Z,0.9,rating_fe490c6e56de19a5a616c4b3,TR AA-,,Durağan,Durağan,https://turkrating.com/files/uploads/halk-finansal-kiralama-as-4936.pdf,2026-03-13,2026-03-13,National,https://turkrating.com/files/uploads/halk-finansal-kiralama-as-4936.pdf,Finansal Kiralama,Finansal Kiralama,TR A1,TurkRating,https://turkrating.com/banka-disi-finans-kuruluslari-rl-08941.html,
Güncelleme,Güncelleme,,Akfen Holding,Akfen Holding A.Ş.,TR,2026-06-10T11:46:44.562690Z,0.9,rating_23dd7f43454c57c1b39903ff,TR AAA,,Durağan,Durağan,https://turkrating.com/files/uploads/akfen-holding-as-9341.pdf,2026-03-12,2026-03-12,National,https://turkrating.com/files/uploads/akfen-holding-as-9341.pdf,Holding,Holding,TR A1,TurkRating,https://turkrating.com/reel-sektor-rl-81570.html,
,,,Destek Faktoring,Destek Faktoring,TR,2026-06-10T11:45:51.437308Z,0.55,rating_7c4bd65932e0c6be5df16928,(TR) AA-,,Pozitif,Pozitif,https://saharating.com/wp-content/uploads/2025/01/DSTKF-260311-C-TR-OZET.pdf,,2026-03-11,National,https://saharating.com/ratingler/destek-finans-faktoring-a-s/,,,(TR) A1+,SAHA Rating,https://saharating.com/rating/kredi-derecelendirme-ratingler/,
İlk Kez,İlk Kez,,OYAK Yatırım Menkul Değerler,OYAK Yatırım Menkul Değerler A.Ş.,TR,2026-06-10T11:46:44.625995Z,0.9,rating_c44f460d54d658744d891ded,TR AAA,,Durağan,Durağan,https://turkrating.com/files/uploads/oyak-yatirim-menkul-degerler-as-3972.pdf,2026-02-27,2026-02-27,National,https://turkrating.com/files/uploads/oyak-yatirim-menkul-degerler-as-3972.pdf,Aracı Kurum,Aracı Kurum,TR A1,TurkRating,https://turkrating.com/banka-disi-finans-kuruluslari-rl-08941.html,
İlk Kez,İlk Kez,,Pasha Yatırım Bankası . Seyidoğlu Otomotiv İkinci Varlık Finansmanı Fonu,Pasha Yatırım Bankası A.Ş. Seyidoğlu Otomotiv İkinci Varlık Finansmanı Fonu,TR,2026-06-10T11:46:44.713312Z,0.9,rating_a261cdb681a838344fc00181,,,,-,https://turkrating.com/files/uploads/pasha-yatirim-bankasi-as-seyidoglu-otomotiv-ikinci-varlik-finansmani-fonu-1864.pdf,2026-02-06,2026-02-06,National,https://turkrating.com/files/uploads/pasha-yatirim-bankasi-as-seyidoglu-otomotiv-ikinci-varlik-finansmani-fonu-1864.pdf,Varlığa Dayalı Menkul Kıymet,Varlığa Dayalı Menkul Kıymet,TR A1,TurkRating,https://turkrating.com/borclanma-araclari-rl-52940.html,
Güncelleme,Güncelleme,,İstanbul Faktoring,İstanbul Faktoring A.Ş.,TR,2026-06-10T11:46:44.626357Z,0.9,rating_8f1a6af6c14c6dbe534166a3,TR A-,,Pozitif,Pozitif,https://turkrating.com/files/uploads/istanbul-faktoring-as-2396.pdf,2026-01-26,2026-01-26,National,https://turkrating.com/files/uploads/istanbul-faktoring-as-2396.pdf,Faktoring,Faktoring,TR A2,TurkRating,https://turkrating.com/banka-disi-finans-kuruluslari-rl-08941.html,
,,,Marbaş,Marbaş,TR,2026-06-10T11:45:51.489579Z,0.55,rating_cb94a8911d6bdab8cf303040,(TR) A+,,Pozitif,Pozitif,https://saharating.com/wp-content/uploads/2025/01/MRS-260106-C-TR-Ozet.pdf,,2026-01-06,National,https://saharating.com/ratingler/marbas-menkul-degerler-a-s/,,,(TR) A1,SAHA Rating,https://saharating.com/rating/kredi-derecelendirme-ratingler/,
İlk Kez,İlk Kez,ortak varlik; ortak varlik yonetim,Ortak Varlık Yönetim,Ortak Varlık Yönetim A.Ş.,TR,2026-06-10T11:46:44.626676Z,0.9,rating_7d57e6199896391c9eff1555,TR A,,Durağan,Durağan,https://turkrating.com/files/uploads/ortak-varlik-yonetim-as-0379.pdf,2025-12-31,2025-12-31,National,https://turkrating.com/files/uploads/ortak-varlik-yonetim-as-0379.pdf,Varlık Yönetim,Varlık Yönetim,TR A2,TurkRating,https://turkrating.com/banka-disi-finans-kuruluslari-rl-08941.html,
İlk Kez,İlk Kez,,Hedef Araç Kiralama ve Servis,Hedef Araç Kiralama ve Servis A.Ş.,TR,2026-06-10T11:46:44.563180Z,0.9,rating_f2c2682f50b0710623da3e0b,TR A+,,Durağan,Durağan,https://turkrating.com/files/uploads/hedef-arac-kiralama-ve-servis-as-7918.pdf,2025-12-31,2025-12-31,National,https://turkrating.com/files/uploads/hedef-arac-kiralama-ve-servis-as-7918.pdf,Filo Kiralama,Filo Kiralama,TR A1,TurkRating,https://turkrating.com/reel-sektor-rl-81570.html,
Güncelleme,Güncelleme,,MNG Faktoring,MNG Faktoring A.Ş.,TR,2026-06-10T11:46:44.627030Z,0.9,rating_655ca7e57b0b0a4c556d16ad,TR A-,,Pozitif,Pozitif,https://turkrating.com/files/uploads/mng-faktoring-as-3986.pdf,2025-12-24,2025-12-24,National,https://turkrating.com/files/uploads/mng-faktoring-as-3986.pdf,Faktoring,Faktoring,TR A2,TurkRating,https://turkrating.com/banka-disi-finans-kuruluslari-rl-08941.html,
,,,ONUR,ONUR,TR,2026-06-10T11:45:51.495164Z,0.55,rating_1c1e112fbb4c71307f4a7465,(TR) AA,,Durağan,Stabil,https://saharating.com/wp-content/uploads/2025/12/ONUR-2025-12-24-TR-Ozet.pdf,,2025-12-24,National,https://saharating.com/ratingler/onur-yuksek-teknoloji-a-s/,,,(TR) A1+,SAHA Rating,https://saharating.com/rating/kredi-derecelendirme-ratingler/,
,,,Inveo Araç Kiralama,Inveo Araç Kiralama,TR,2026-06-10T11:45:51.456224Z,0.55,rating_c7db20b21d9b528450697c12,(TR) AA-,,Durağan,Stabil,https://saharating.com/wp-content/uploads/2025/12/INVEO-2025-12-22-TR-OZET.pdf,,2025-12-22,National,https://saharating.com/ratingler/inveo-arac-kiralama-a-s/,,,(TR) A1+,SAHA Rating,https://saharating.com/rating/kredi-derecelendirme-ratingler/,
,,,Setel Elektrik,Setel Elektrik,TR,2026-06-10T11:45:51.520188Z,0.55,rating_19cc7a806eccdadfcb3fd93e,(TR) BBB,,Durağan,Stabil,https://saharating.com/wp-content/uploads/2024/12/SETEL-251219-C-TR-OZET.pdf,,2025-12-19,National,https://saharating.com/ratingler/setel-elektrik-enerjisi-a-s/,,,(TR) A3,SAHA Rating,https://saharating.com/rating/kredi-derecelendirme-ratingler/,
,,,MEKSA YATIRIM MENKUL DEĞERLER,MEKSA YATIRIM MENKUL DEĞERLER A.Ş.,TR,2026-06-10T11:19:47.196544Z,0.9,rating_7202a747bcbf7095da68e542,KR A,KobiRate detail page parsed; public PDF/report URL is only stored when the page exposes a direct link.,Negatif,NEGATİF,,2025-12-17,2025-12-17,National,,Finans ve sigorta faaliyetleri,Finans ve sigorta faaliyetleri,KR A-1,KobiRate,https://www.kobirate.com.tr/Kredi-Derecelendirme-Raporlari/detay.aspx?id=5550,2026-12-17
Güncelleme,Güncelleme,,Burgan Finansal Kiralama,Burgan Finansal Kiralama A.Ş.,TR,2026-06-10T11:46:44.627375Z,0.9,rating_901f9d1f0709b0a202a62c28,TR A+,,Durağan,Durağan,https://turkrating.com/files/uploads/burgan-finansal-kiralama-as-1358.pdf,2025-12-09,2025-12-09,National,https://turkrating.com/files/uploads/burgan-finansal-kiralama-as-1358.pdf,Finansal Kiralama,Finansal Kiralama,TR A1,TurkRating,https://turkrating.com/banka-disi-finans-kuruluslari-rl-08941.html,
Güncelleme,Güncelleme,,Huzur Faktoring,Huzur Faktoring A.Ş.,TR,2026-06-10T11:46:44.627714Z,0.9,rating_e78285088faf3b42384f1df9,TR A-,,Durağan,Durağan,https://turkrating.com/files/uploads/huzur-faktoring-as-3057.pdf,2025-12-04,2025-12-04,National,https://turkrating.com/files/uploads/huzur-faktoring-as-3057.pdf,Faktoring,Faktoring,TR A1,TurkRating,https://turkrating.com/banka-disi-finans-kuruluslari-rl-08941.html,
Güncelleme,Güncelleme,,Mercedes Benz Kamyon Finansman,Mercedes Benz Kamyon Finansman A.Ş.,TR,2026-06-10T11:46:44.628050Z,0.9,rating_4e361e4ce7d7015f3d3bc95f,TR AAA,,Durağan,Durağan,https://turkrating.com/files/uploads/mercedes-benz-kamyon-finansman-as-1507.pdf,2025-11-28,2025-11-28,National,https://turkrating.com/files/uploads/mercedes-benz-kamyon-finansman-as-1507.pdf,Finansman,Finansman,TR A1,TurkRating,https://turkrating.com/banka-disi-finans-kuruluslari-rl-08941.html,
,,,BNP Leasing,BNP Leasing,TR,2026-06-10T11:45:51.430242Z,0.55,rating_8a09f4b508e69aff1e768921,(TR) AA,,Durağan,Stabil,https://saharating.com/wp-content/uploads/2025/11/BNPFK-251128-C-TR-OZET.pdf,,2025-11-28,National,https://saharating.com/ratingler/bnp-paribas-finansal-kiralama-a-s/,,,(TR) A1+,SAHA Rating,https://saharating.com/rating/kredi-derecelendirme-ratingler/,
Güncelleme,Güncelleme,,Global Menkul Değerler,Global Menkul Değerler A.Ş.,TR,2026-06-10T11:46:44.628417Z,0.9,rating_5bb02f7411aadb328872441d,TR A-,,Durağan,Durağan,https://turkrating.com/files/uploads/global-menkul-degerler-as-2769.pdf,2025-11-24,2025-11-24,National,https://turkrating.com/files/uploads/global-menkul-degerler-as-2769.pdf,Aracı Kurum,Aracı Kurum,TR A2,TurkRating,https://turkrating.com/banka-disi-finans-kuruluslari-rl-08941.html,
İlk Kez,İlk Kez,,Fair Finansman,Fair Finansman A.Ş.,TR,2026-06-10T11:46:44.628752Z,0.9,rating_8c29ff152de1d9f6c0dc3aae,TR BBB-,,Pozitif,Pozitif,https://turkrating.com/files/uploads/fair-finansman-as-9317.pdf,2025-11-20,2025-11-20,National,https://turkrating.com/files/uploads/fair-finansman-as-9317.pdf,Finansman,Finansman,TR A3,TurkRating,https://turkrating.com/banka-disi-finans-kuruluslari-rl-08941.html,
Güncelleme,Güncelleme,,Koray Gayrimenkul Yatırım Ortaklığı,Koray Gayrimenkul Yatırım Ortaklığı A.Ş.,TR,2026-06-10T11:46:44.563543Z,0.9,rating_7921d28aa0c7fe9444b45e8f,TR BBB,,Pozitif,Pozitif,https://turkrating.com/files/uploads/koray-gayrimenkul-yatirim-ortakligi-as-8690.pdf,2025-11-19,2025-11-19,National,https://turkrating.com/files/uploads/koray-gayrimenkul-yatirim-ortakligi-as-8690.pdf,Gayrimenkul Yatırım Ortaklığı,Gayrimenkul Yatırım Ortaklığı,TR A2,TurkRating,https://turkrating.com/reel-sektor-rl-81570.html,
,,,Suvla Şarapları,Suvla Şarapları,TR,2026-06-10T11:45:51.529970Z,0.55,rating_dca2122aed14d3e526ecad55,(TR) A,,Durağan,Stabil,https://saharating.com/wp-content/uploads/2025/11/SUVLA-SARAPLARI-251111-C-TR-OZET-1.pdf,,2025-11-11,National,https://saharating.com/ratingler/suvla-saraplari-tarim-sanayi-ve-ticaret-a-s/,,,(TR) A1,SAHA Rating,https://saharating.com/rating/kredi-derecelendirme-ratingler/,
İlk Kez,İlk Kez,,Mediazz Yeni Medya ve Teknoloji Yatırımları,Mediazz Yeni Medya ve Teknoloji Yatırımları A.Ş.,TR,2026-06-10T11:46:44.563898Z,0.9,rating_0bf2519726ccaa2b22841a9e,TR A,,Durağan,Durağan,https://turkrating.com/files/uploads/mediazz-yeni-medya-ve-teknoloji-yatirimlari-as-9762.pdf,2025-11-05,2025-11-05,National,https://turkrating.com/files/uploads/mediazz-yeni-medya-ve-teknoloji-yatirimlari-as-9762.pdf,Dijital Medya,Dijital Medya,TR A2,TurkRating,https://turkrating.com/reel-sektor-rl-81570.html,
,,,TT Finansman,TT Finansman,TR,2026-06-10T11:45:51.540130Z,0.55,rating_27e54767a17fac31c670503c,(TR) AA-,,Durağan,Stabil,https://saharating.com/wp-content/uploads/2025/10/TTFIN-251030-C-TR-OZET.pdf,,2025-10-30,National,https://saharating.com/ratingler/tt-finansman-a-s/,,,(TR) A1+,SAHA Rating,https://saharating.com/rating/kredi-derecelendirme-ratingler/,
Güncelleme,Güncelleme,,Osmanlı Yatırım Menkul Değerler,Osmanlı Yatırım Menkul Değerler A.Ş.,TR,2026-06-10T11:46:44.629764Z,0.9,rating_41db53f2c210afe795ed4161,TR A+,,Durağan,Durağan,https://turkrating.com/files/uploads/osmanli-yatirim-menkul-degerler-as-6129.pdf,2025-10-28,2025-10-28,National,https://turkrating.com/files/uploads/osmanli-yatirim-menkul-degerler-as-6129.pdf,Aracı Kurum,Aracı Kurum,TR A1,TurkRating,https://turkrating.com/banka-disi-finans-kuruluslari-rl-08941.html,
,,,Alena Granit,Alena Granit,TR,2026-06-10T11:45:51.417387Z,0.55,rating_238999ca3792de3d0aab81d0,(TR) A-,,Durağan,Stabil,https://saharating.com/wp-content/uploads/2025/10/ALENAGRANIT-251024-C-TR-OZET-1.pdf,,2025-10-24,National,https://saharating.com/ratingler/alena-granit-ve-seramik-sanayi-ticaret-a-s/,,,(TR) A2,SAHA Rating,https://saharating.com/rating/kredi-derecelendirme-ratingler/,
,,,Bizzcar Filo Kiralama,Bizzcar Filo Kiralama,TR,2026-06-10T11:45:51.429770Z,0.55,rating_5ad9889a4003f65454d421b7,(TR) A+,,Durağan,Stabil,https://saharating.com/wp-content/uploads/2025/10/BIZZCAR-2025-10-20-TR-OZET.pdf,,2025-10-20,National,https://saharating.com/ratingler/bizzcar-filo-kiralama-hizmetleri-a-s/,,,(TR) A1,SAHA Rating,https://saharating.com/rating/kredi-derecelendirme-ratingler/,
İlk Kez,İlk Kez,,İstanbul Varlık Yönetim,İstanbul Varlık Yönetim A.Ş.,TR,2026-06-10T11:46:44.630097Z,0.9,rating_69ad8337cbf952904d8909f5,TR A+,,Durağan,Durağan,https://turkrating.com/files/uploads/istanbul-varlik-yonetim-as-8003.pdf,2025-10-16,2025-10-16,National,https://turkrating.com/files/uploads/istanbul-varlik-yonetim-as-8003.pdf,Varlık Yönetim,Varlık Yönetim,TR A1,TurkRating,https://turkrating.com/banka-disi-finans-kuruluslari-rl-08941.html,
,,,METGÜN ENERJİ YATIRIMLARI,METGÜN ENERJİ YATIRIMLARI A.Ş.,TR,2026-06-10T11:19:47.174298Z,0.9,rating_a7df7f3ddcb1aa3c97886790,KR A-,KobiRate detail page parsed; public PDF/report URL is only stored when the page exposes a direct link.,Durağan,DURAĞAN,,2025-10-15,2025-10-15,National,,"Elektrik, gaz, buhar ve iklimlendirme üretimi ve dağıtımı","Elektrik, gaz, buhar ve iklimlendirme üretimi ve dağıtımı",KR A-2,KobiRate,https://www.kobirate.com.tr/Kredi-Derecelendirme-Raporlari/detay.aspx?id=5571,2026-10-15
,,,Inveo Yatırım Holding,Inveo Yatırım Holding,TR,2026-06-10T11:45:51.456693Z,0.55,rating_ce009ab6321070a4ba46609a,(TR) AA,,Durağan,Stabil,https://saharating.com/wp-content/uploads/2024/10/INVEO-251014-C-TR-OZET.pdf,,2025-10-14,National,https://saharating.com/ratingler/inveo-yatirim-holding-a-s/,,,(TR) A1+,SAHA Rating,https://saharating.com/rating/kredi-derecelendirme-ratingler/,
,,,Ak Yatırım,Ak Yatırım,TR,2026-06-10T11:45:51.414109Z,0.55,rating_7c9f55b74a68cce21fe95130,(TR) AAA,,Durağan,Stabil,https://saharating.com/wp-content/uploads/2024/10/AKMEN-251010-C-TR-OZET.pdf,,2025-10-10,National,https://saharating.com/ratingler/ak-yatirim-menkul-degerler-a-s/,,,(TR) A1+,SAHA Rating,https://saharating.com/rating/kredi-derecelendirme-ratingler/,
Güncelleme,Güncelleme,,Turk Finansman,Turk Finansman A.Ş.,TR,2026-06-10T11:46:44.630447Z,0.9,rating_1fae6b0fc0a64decaaa0b76b,TR A-,,Durağan,Durağan,https://turkrating.com/files/uploads/turk-finansman-as-0794.pdf,2025-10-07,2025-10-07,National,https://turkrating.com/files/uploads/turk-finansman-as-0794.pdf,Finansman,Finansman,TR A2,TurkRating,https://turkrating.com/banka-disi-finans-kuruluslari-rl-08941.html,
,,,Q Yatırım Holding,Q Yatırım Holding,TR,2026-06-10T11:45:51.508690Z,0.55,rating_c11f0a7355abdd1c11745c30,(TR) AA-,,Durağan,Stabil,https://saharating.com/wp-content/uploads/2024/10/QYHOL-251007-C-TR-OZET-Gecerlilik-Tarihi-Rev-1.pdf,,2025-10-07,National,https://saharating.com/ratingler/q-yatirim-holding-a-s/,,,(TR) A1+,SAHA Rating,https://saharating.com/rating/kredi-derecelendirme-ratingler/,
,,,BAYRAK,BAYRAK,TR,2026-06-10T11:45:51.425635Z,0.55,rating_c0abf8e3eb077fcbf25b9b1f,(TR) BBB-,,Durağan,Stabil,https://saharating.com/wp-content/uploads/2025/09/BAYRK-250922-C-TR-OZET-1.pdf,,2025-09-22,National,https://saharating.com/ratingler/bayrak-ebt-taban-sanayi-ve-ticaret-a-s/,,,(TR) A3,SAHA Rating,https://saharating.com/rating/kredi-derecelendirme-ratingler/,
,,,DENİZ YATIRIM MENKUL KIYMETLER,DENİZ YATIRIM MENKUL KIYMETLER A.Ş.,TR,2026-06-10T11:19:47.183548Z,0.9,rating_ecf264e64c1f5b4a0e775a20,KR AAA,KobiRate detail page parsed; public PDF/report URL is only stored when the page exposes a direct link.,Durağan,DURAĞAN,,2025-09-19,2025-09-19,National,,Finans ve sigorta faaliyetleri,Finans ve sigorta faaliyetleri,KR-1,KobiRate,https://www.kobirate.com.tr/Kredi-Derecelendirme-Raporlari/detay.aspx?id=5513,2026-09-19
,,,DENİZ GAYRİMENKUL YATIRIM ORTAKLIĞI,DENİZ GAYRİMENKUL YATIRIM ORTAKLIĞI A.Ş.,TR,2026-06-10T11:19:47.180006Z,0.9,rating_5534196bd8671e05d08e14fc,KR AAA,KobiRate detail page parsed; public PDF/report URL is only stored when the page exposes a direct link.,Durağan,DURAĞAN,,2025-09-19,2025-09-19,National,,Gayrimenkul faaliyetleri,Gayrimenkul faaliyetleri,KR-1,KobiRate,https://www.kobirate.com.tr/Kredi-Derecelendirme-Raporlari/detay.aspx?id=4325,2026-09-19
Güncelleme,Güncelleme,,Emir Varlık Yönetim,Emir Varlık Yönetim A.Ş.,TR,2026-06-10T11:46:44.631111Z,0.9,rating_d792589912ef7355b0dc8a7a,TR A,,Pozitif,Pozitif,https://turkrating.com/files/uploads/emir-varlik-yonetim-as-5146.pdf,2025-09-13,2025-09-13,National,https://turkrating.com/files/uploads/emir-varlik-yonetim-as-5146.pdf,Varlık Yönetim,Varlık Yönetim,TR A2,TurkRating,https://turkrating.com/banka-disi-finans-kuruluslari-rl-08941.html,
,,,Destek Yatırım,Destek Yatırım,TR,2026-06-10T11:45:51.439218Z,0.55,rating_6ce9029a0f842291d7a5e972,(TR) BBB+,,Durağan,Stabil,https://saharating.com/wp-content/uploads/2025/09/DMD-250912-C-TR-OZET-1.pdf,,2025-09-12,National,https://saharating.com/ratingler/destek-yatirim-menkul-degerler-a-s/,,,(TR) A2,SAHA Rating,https://saharating.com/rating/kredi-derecelendirme-ratingler/,
İlk Kez,İlk Kez,,Mint Finansman,Mint Finansman A.Ş.,TR,2026-06-10T11:46:44.631438Z,0.9,rating_70d60f0b99e8b392505bca03,TR BBB+,,Durağan,Durağan,https://turkrating.com/files/uploads/mint-finansman-as-29483.pdf,2025-09-11,2025-09-11,National,https://turkrating.com/files/uploads/mint-finansman-as-29483.pdf,Finansman,Finansman,TR A2,TurkRating,https://turkrating.com/banka-disi-finans-kuruluslari-rl-08941.html,
,,,İş Yatırım,İş Yatırım,TR,2026-06-10T11:45:51.465077Z,0.55,rating_15865a5851d2982bfe6fbc8f,(TR) AAA,,Durağan,Stabil,https://saharating.com/wp-content/uploads/2024/09/ISMEN-250911-C-TR-OZET.pdf,,2025-09-11,National,https://saharating.com/ratingler/is-yatirim-menkul-degerler-a-s/,,,(TR) A1+,SAHA Rating,https://saharating.com/rating/kredi-derecelendirme-ratingler/,
İlk Kez,İlk Kez,,Figo Finans Faktoring,Figo Finans Faktoring A.Ş.,TR,2026-06-10T11:46:44.631766Z,0.9,rating_f8ae4f368dd7004d5dc2c725,TR BBB+,,Durağan,Durağan,https://turkrating.com/files/uploads/figo-finans-faktoring-as-81492.pdf,2025-09-09,2025-09-09,National,https://turkrating.com/files/uploads/figo-finans-faktoring-as-81492.pdf,Faktoring,Faktoring,TR A2,TurkRating,https://turkrating.com/banka-disi-finans-kuruluslari-rl-08941.html,
Güncelleme,Güncelleme,,İnfo Yatırım Menkul Değerler,İnfo Yatırım Menkul Değerler A.Ş.,TR,2026-06-10T11:46:44.632106Z,0.9,rating_6128b90b858a430f816fcc77,TR AA-,,Durağan,Durağan,https://turkrating.com/files/uploads/info-yatirim-menkul-degerler-as-7218.pdf,2025-09-02,2025-09-02,National,https://turkrating.com/files/uploads/info-yatirim-menkul-degerler-as-7218.pdf,Aracı Kurum,Aracı Kurum,TR A1,TurkRating,https://turkrating.com/banka-disi-finans-kuruluslari-rl-08941.html,
,,,TRIVE YATIRIM MENKUL DEĞERLER,TRIVE YATIRIM MENKUL DEĞERLER A.Ş.,TR,2026-06-10T11:19:47.199004Z,0.9,rating_bc873a3a2f04eb51c6d76481,KR A-,KobiRate detail page parsed; public PDF/report URL is only stored when the page exposes a direct link.,Durağan,DURAĞAN,,2025-09-01,2025-09-01,National,,Finans ve sigorta faaliyetleri,Finans ve sigorta faaliyetleri,KR A-2,KobiRate,https://www.kobirate.com.tr/Kredi-Derecelendirme-Raporlari/detay.aspx?id=5529,2026-09-01
,,,Setaş İnşaat,Setaş İnşaat,TR,2026-06-10T11:45:51.515344Z,0.55,rating_0af2de7529b9da65647f61d1,(TR) A+,,Durağan,Stabil,https://saharating.com/wp-content/uploads/2021/11/SETAS-250828-C-TR-OZET.pdf,,2025-08-29,National,https://saharating.com/ratingler/setas-insaat-sanayi-ve-ticaret-a-s/,,,(TR) A1,SAHA Rating,https://saharating.com/rating/kredi-derecelendirme-ratingler/,
,,,İş GYO,İş GYO,TR,2026-06-10T11:45:51.459537Z,0.55,rating_602a1f1c37c870656b7c7b0c,(TR) AA,,Durağan,Stabil,https://saharating.com/wp-content/uploads/2024/08/ISGYO-250826-C-TR-OZET.pdf,,2025-08-26,National,https://saharating.com/ratingler/is-gayrimenkul-yatirim-ortakligi-a-s/,,,(TR) A1+,SAHA Rating,https://saharating.com/rating/kredi-derecelendirme-ratingler/,
,,,TEB Finansman,TEB Finansman,TR,2026-06-10T11:45:51.535444Z,0.55,rating_478dd59d3f733b204b99c529,(TR) AA,,Durağan,Stabil,https://saharating.com/wp-content/uploads/2024/08/TEBCE-250808-C-TR-OZET.pdf,,2025-08-08,National,https://saharating.com/ratingler/teb-finansman-a-s/,,,(TR) A1+,SAHA Rating,https://saharating.com/rating/kredi-derecelendirme-ratingler/,
İlk Kez,İlk Kez,,Ofisfinans Finansman,Ofisfinans Finansman A.Ş.,TR,2026-06-10T11:46:44.632476Z,0.9,rating_54c36d1e50566a662aeb5064,TR A-,,Durağan,Durağan,https://turkrating.com/files/uploads/ofisfinans-finansman-as-52947.pdf,2025-08-06,2025-08-06,National,https://turkrating.com/files/uploads/ofisfinans-finansman-as-52947.pdf,Finansman,Finansman,TR A2,TurkRating,https://turkrating.com/banka-disi-finans-kuruluslari-rl-08941.html,
Güncelleme,Güncelleme,,Marka Mağazacılık,Marka Mağazacılık A.Ş.,TR,2026-06-10T11:46:44.564240Z,0.9,rating_e1ef9c0adfb6bf90458e90d5,TR A+,,Durağan,Durağan,https://turkrating.com/files/uploads/marka-magazacilik-as-26891.pdf,2025-07-31,2025-07-31,National,https://turkrating.com/files/uploads/marka-magazacilik-as-26891.pdf,Perakende,Perakende,TR A1,TurkRating,https://turkrating.com/reel-sektor-rl-81570.html,
Güncelleme,Güncelleme,,Düzey Tüketim Malları Sanayi Pazarlama Ve Ticaret,Düzey Tüketim Malları Sanayi Pazarlama Ve Ticaret A.Ş.,TR,2026-06-10T11:46:44.564617Z,0.9,rating_4c2593cf3c3e31936c467cef,TR AA-,,Durağan,Durağan,https://turkrating.com/files/uploads/duzey-tuketim-mallari-sanayi-pazarlama-ve-ticaret-as-6423.pdf,2025-07-18,2025-07-18,National,https://turkrating.com/files/uploads/duzey-tuketim-mallari-sanayi-pazarlama-ve-ticaret-as-6423.pdf,Toptan Ticaret,Toptan Ticaret,TR A1,TurkRating,https://turkrating.com/reel-sektor-rl-81570.html,
Güncelleme,Güncelleme,,Alnus Yatırım Menkul Değerler,Alnus Yatırım Menkul Değerler A.Ş.,TR,2026-06-10T11:46:44.632830Z,0.9,rating_a477a84a14af4850a197900d,TR BBB+,,Durağan,Durağan,https://turkrating.com/files/uploads/alnus-yatirim-menkul-degerler-as-4751.pdf,2025-07-17,2025-07-17,National,https://turkrating.com/files/uploads/alnus-yatirim-menkul-degerler-as-4751.pdf,Aracı Kurum,Aracı Kurum,TR A2,TurkRating,https://turkrating.com/banka-disi-finans-kuruluslari-rl-08941.html,
,,,TEB Faktoring,TEB Faktoring,TR,2026-06-10T11:45:51.533557Z,0.55,rating_0ec03a5ad7e83b74f1ec2bce,(TR) AA,,Durağan,Stabil,https://saharating.com/wp-content/uploads/2024/07/TEBFA-250710-C-TR-OZET.pdf,,2025-07-10,National,https://saharating.com/ratingler/teb-faktoring-a-s/,,,(TR) A1+,SAHA Rating,https://saharating.com/rating/kredi-derecelendirme-ratingler/,
,,,Gezinomi,Gezinomi,TR,2026-06-10T11:45:51.447174Z,0.55,rating_8ac789203233633a59326396,(TR) A+,,Durağan,Stabil,https://saharating.com/wp-content/uploads/2024/07/GZNMI-2025-07-08-TR-OZET.pdf,,2025-07-08,National,https://saharating.com/ratingler/gezinomi-seyahat-turizm-tic-a-s/,,,(TR) A1,SAHA Rating,https://saharating.com/rating/kredi-derecelendirme-ratingler/,
Güncelleme,Güncelleme,,QNB Faktoring,QNB Faktoring A.Ş.,TR,2026-06-10T11:46:44.633177Z,0.9,rating_47159e00faf832292d9d88e4,TR AA,,Durağan,Durağan,https://turkrating.com/files/uploads/qnb-faktoring-as-37016.pdf,2025-07-07,2025-07-07,National,https://turkrating.com/files/uploads/qnb-faktoring-as-37016.pdf,Faktoring,Faktoring,TR A1,TurkRating,https://turkrating.com/banka-disi-finans-kuruluslari-rl-08941.html,
Güncelleme,Güncelleme,,Arsan Varlık Yönetim,Arsan Varlık Yönetim A.Ş.,TR,2026-06-10T11:46:44.633771Z,0.9,rating_0d95dc06fa2a2c8f56c6a691,TR A-,,Durağan,Durağan,https://turkrating.com/files/uploads/arsan-varlik-yonetim-as-5019.pdf,2025-07-05,2025-07-05,National,https://turkrating.com/files/uploads/arsan-varlik-yonetim-as-5019.pdf,Varlık Yönetim,Varlık Yönetim,TR A2,TurkRating,https://turkrating.com/banka-disi-finans-kuruluslari-rl-08941.html,
İlk Kez,İlk Kez,,Pasha Yatırım Bankası . Seyidoğlu Otomotiv Varlık Finansmanı Fonu,Pasha Yatırım Bankası A.Ş. Seyidoğlu Otomotiv Varlık Finansmanı Fonu,TR,2026-06-10T11:46:44.715251Z,0.9,rating_83d825cc525a871e28d3b048,,,,-,https://turkrating.com/files/uploads/pasha-yatirim-bankasi-as-seyidoglu-otomotiv-varlik-finansmani-fonu-1327.pdf,2025-06-27,2025-06-27,National,https://turkrating.com/files/uploads/pasha-yatirim-bankasi-as-seyidoglu-otomotiv-varlik-finansmani-fonu-1327.pdf,Varlığa Dayalı Menkul Kıymet,Varlığa Dayalı Menkul Kıymet,TR A1,TurkRating,https://turkrating.com/borclanma-araclari-rl-52940.html,
,,,VERA GYO,VERA GYO,TR,2026-06-10T11:45:51.544788Z,0.55,rating_865e008bf341793642210587,(TR) BBB+,,Durağan,Stabil,https://saharating.com/wp-content/uploads/2025/06/VRGYO-250604-C-TR-OZET-4.pdf,,2025-06-04,National,https://saharating.com/ratingler/vera-konsept-gayrimenkul-yatirim-ortakligi-a-s/,,,(TR) A2,SAHA Rating,https://saharating.com/rating/kredi-derecelendirme-ratingler/,
İlk Kez,İlk Kez,,Pasha Yatırım Bankası . Tarfin Varlık Finansmanı Fonu,Pasha Yatırım Bankası A.Ş. Tarfin Varlık Finansmanı Fonu,TR,2026-06-10T11:46:44.715600Z,0.9,rating_a2da267d3bc0be1f94ff0e83,,,,-,https://turkrating.com/files/uploads/pasha-yatirim-bankasi-as-tarfin-varlik-finansmani-fonu-9830.pdf,2025-05-29,2025-05-29,National,https://turkrating.com/files/uploads/pasha-yatirim-bankasi-as-tarfin-varlik-finansmani-fonu-9830.pdf,Varlığa Dayalı Menkul Kıymet,Varlığa Dayalı Menkul Kıymet,TR A1,TurkRating,https://turkrating.com/borclanma-araclari-rl-52940.html,
,,,Allbatross,Allbatross,TR,2026-06-10T11:45:51.418768Z,0.55,rating_3f4fbcf195e56ec6fc22b32d,(TR) BBB+,,Durağan,Stabil,https://saharating.com/wp-content/uploads/2024/05/ALLBTRSS-250522-C-TR-1.pdf,,2025-05-22,National,https://saharating.com/ratingler/allbatross-yatirim-menkul-degerler-a-s/,,,(TR) A2,SAHA Rating,https://saharating.com/rating/kredi-derecelendirme-ratingler/,
İlk Kez,İlk Kez,,Forte Bilgi İletişim Teknolojileri ve Savunma Sanayi,Forte Bilgi İletişim Teknolojileri ve Savunma Sanayi A.Ş.,TR,2026-06-10T11:46:44.565917Z,0.9,rating_9de3453001b3131376028bb9,TR A+,,Durağan,Durağan,https://turkrating.com/files/uploads/forte-bilgi-iletisim-teknolojileri-ve-savunma-sanayi-as-43579.pdf,2025-05-20,2025-05-20,National,https://turkrating.com/files/uploads/forte-bilgi-iletisim-teknolojileri-ve-savunma-sanayi-as-43579.pdf,Bilgi Teknolojileri,Bilgi Teknolojileri,TR A1,TurkRating,https://turkrating.com/reel-sektor-rl-81570.html,
İlk Kez,İlk Kez,,Hedef Holding,Hedef Holding A.Ş.,TR,2026-06-10T11:46:44.566455Z,0.9,rating_2e888115d4f8dc33e297a9ff,TR AA-,,Durağan,Durağan,https://turkrating.com/files/uploads/hedef-holding-as-73469.pdf,2025-05-02,2025-05-02,National,https://turkrating.com/files/uploads/hedef-holding-as-73469.pdf,Holding,Holding,TR A1,TurkRating,https://turkrating.com/reel-sektor-rl-81570.html,
,,,BAŞER FİNANS FAKTORİNG,BAŞER FİNANS FAKTORİNG A.Ş.,TR,2026-06-10T11:19:47.206053Z,0.9,rating_31bff798679037c041753f34,KR BBB,KobiRate detail page parsed; public PDF/report URL is only stored when the page exposes a direct link.,Durağan,DURAĞAN,,2025-04-21,2025-04-21,National,,Faktoring,Faktöring Şirketleri,KR A-3,KobiRate,https://www.kobirate.com.tr/Kredi-Derecelendirme-Raporlari/detay.aspx?id=5328,2026-04-21
,,,TİMUR GAYRİMENKUL GELİŞTİRME YAPI VE YATIRIM,TİMUR GAYRİMENKUL GELİŞTİRME YAPI VE YATIRIM A.Ş.,TR,2026-06-10T11:19:47.217190Z,0.9,rating_18b9e9a20a81203382adbc8e,KR A+,KobiRate detail page parsed; public PDF/report URL is only stored when the page exposes a direct link.,Pozitif,POZİTİF,,2025-04-18,2025-04-18,National,,İnşaat,İnşaat,KR A-1,KobiRate,https://www.kobirate.com.tr/Kredi-Derecelendirme-Raporlari/detay.aspx?id=5555,2026-04-18
İlk Kez,İlk Kez,,Pasha Yatırım Bankası . Maygold Otomotiv İkinci Varlık Finansmanı Fonu,Pasha Yatırım Bankası A.Ş. Maygold Otomotiv İkinci Varlık Finansmanı Fonu,TR,2026-06-10T11:46:44.716317Z,0.9,rating_584da23df081e3f4f2c190a7,,,,-,https://turkrating.com/files/uploads/pasha-yatirim-bankasi-as-maygold-otomotiv-ikinci-varlik-finansmani-fonu-8340.pdf,2025-04-02,2025-04-02,National,https://turkrating.com/files/uploads/pasha-yatirim-bankasi-as-maygold-otomotiv-ikinci-varlik-finansmani-fonu-8340.pdf,Varlığa Dayalı Menkul Kıymet,Varlığa Dayalı Menkul Kıymet,TR A3,TurkRating,https://turkrating.com/borclanma-araclari-rl-52940.html,
İlk Kez,İlk Kez,,Pasha Yatırım Bankası . Hepsiburada Varlık Finansmanı Fonu,Pasha Yatırım Bankası A.Ş. Hepsiburada Varlık Finansmanı Fonu,TR,2026-06-10T11:46:44.717014Z,0.9,rating_504b89d7549e8296eb9c8819,,,,-,https://turkrating.com/files/uploads/pasha-yatirim-bankasi-as-hepsiburada-varlik-finansmani-fonu-8574.pdf,2025-03-12,2025-03-12,National,https://turkrating.com/files/uploads/pasha-yatirim-bankasi-as-hepsiburada-varlik-finansmani-fonu-8574.pdf,Varlığa Dayalı Menkul Kıymet,Varlığa Dayalı Menkul Kıymet,TR A1,TurkRating,https://turkrating.com/borclanma-araclari-rl-52940.html,
Güncelleme,Güncelleme,,TV8 TV Yayıncılık,TV8 TV Yayıncılık A.Ş.,TR,2026-06-10T11:46:44.566997Z,0.9,rating_9743d61b2f86e13fdcf2a8d2,TR BBB+,,Durağan,Durağan,https://turkrating.com/files/uploads/tv8-tv-yayincilik-as-24360.pdf,2025-03-12,2025-03-12,National,https://turkrating.com/files/uploads/tv8-tv-yayincilik-as-24360.pdf,TV Yayıncılık,TV Yayıncılık,TR A2,TurkRating,https://turkrating.com/reel-sektor-rl-81570.html,
,,,EREN BALATACILIK SANAYİ VE TİCARET,EREN BALATACILIK SANAYİ VE TİCARET A.Ş.,TR,2026-06-10T11:19:47.208035Z,0.9,rating_080ad7081535e91a8797b3ec,KR A+,KobiRate detail page parsed; public PDF/report URL is only stored when the page exposes a direct link.,Durağan,DURAĞAN,,2025-02-03,2025-02-03,National,,"Motorlu kara taşıtı, treyler (römork) ve yarı treyler (yarı römork) imalatı","Motorlu kara taşıtı, treyler (römork) ve yarı treyler (yarı römork) imalatı",KR A-1,KobiRate,https://www.kobirate.com.tr/Kredi-Derecelendirme-Raporlari/detay.aspx?id=5563,2026-02-03
,,,Korteks,Korteks,TR,2026-06-10T11:45:51.486083Z,0.55,rating_b16c9bccb6fae07ab39034c6,(TR) BBB,,Durağan,Stabil,https://saharating.com/wp-content/uploads/2025/01/KORTS-250117-C-TR-2.pdf,,2025-01-17,National,https://saharating.com/ratingler/korteks-mensucat-sanayi-ve-ticaret-a-s/,,,(TR) A3,SAHA Rating,https://saharating.com/rating/kredi-derecelendirme-ratingler/,
,,,Binatom,Binatom,TR,2026-06-10T11:45:51.427448Z,0.55,rating_07c77445a1177533da61f88a,(TR) BBB+,,Durağan,Stabil,https://saharating.com/wp-content/uploads/2024/12/BINATOM-241220-C-TR-OZET.pdf,,2024-12-20,National,https://saharating.com/ratingler/binatom-elektrik-uretim-a-s/,,,(TR) A2,SAHA Rating,https://saharating.com/rating/kredi-derecelendirme-ratingler/,
,,,DİNAMİK YATIRIM MENKUL DEĞERLER,DİNAMİK YATIRIM MENKUL DEĞERLER A.Ş.,TR,2026-06-10T11:19:47.201711Z,0.9,rating_d2af3b38e5cbf5c4bf6b81d9,KR BBB+,KobiRate detail page parsed; public PDF/report URL is only stored when the page exposes a direct link.,Durağan,DURAĞAN,,2024-11-15,2024-11-15,National,,Finans ve sigorta faaliyetleri,Finans ve sigorta faaliyetleri,KR A-2,KobiRate,https://www.kobirate.com.tr/Kredi-Derecelendirme-Raporlari/detay.aspx?id=5556,2025-11-15
,,,DARDANEL ÖNENTAŞ GIDA SANAYİ,DARDANEL ÖNENTAŞ GIDA SANAYİ A.Ş.,TR,2026-06-10T11:19:47.172542Z,0.9,rating_384f738e4fa8584b136d5383,KR A,KobiRate detail page parsed; public PDF/report URL is only stored when the page exposes a direct link.,Durağan,DURAĞAN,,2024-11-04,2024-11-04,National,,Gıda ürünlerinin imalatı,Gıda ürünlerinin imalatı,KR A-1,KobiRate,https://www.kobirate.com.tr/Kredi-Derecelendirme-Raporlari/detay.aspx?id=5537,2025-11-04
,,,ERMED TIP MEDİKAL TİCARET,ERMED TIP MEDİKAL TİCARET A.Ş.,TR,2026-06-10T11:19:47.208267Z,0.9,rating_1861ee2bda3eddc9db956860,KR BBB+,KobiRate detail page parsed; public PDF/report URL is only stored when the page exposes a direct link.,Durağan,DURAGAN,,2024-10-09,2024-10-09,National,,İnsan sağlığı ve sosyal hizmet faaliyetleri,İnsan sağlığı ve sosyal hizmet faaliyetleri,KR A-3,KobiRate,https://www.kobirate.com.tr/Kredi-Derecelendirme-Raporlari/detay.aspx?id=5557,2025-10-09
Geri Çekildi,Geri Çekme,,Peker Gayrimenkul Yatırım Ortaklığı,Peker Gayrimenkul Yatırım Ortaklığı A.Ş.,TR,2026-06-10T11:46:44.568308Z,0.9,rating_0828d5f263ce622463d5f280,,,,-,https://turkrating.com/files/uploads/peker-gayrimenkul-yatirim-ortakligi-as-7819.pdf,2024-09-26,2024-09-26,National,https://turkrating.com/files/uploads/peker-gayrimenkul-yatirim-ortakligi-as-7819.pdf,Gayrimenkul Yatırım Ortaklığı,Gayrimenkul Yatırım Ortaklığı,,TurkRating,https://turkrating.com/reel-sektor-rl-81570.html,
İlk Kez,İlk Kez,,"FinTech Cap S.a.r.l.'nin İhraççısı Olduğu, 20.000.000 EUR Tutarlı ve 2024-2 Seri Numaralı Krediye Bağlı Menkul Kıymet","FinTech Cap S.a.r.l.’nin İhraççısı Olduğu, 20.000.000 EUR Tutarlı ve 2024-2 Seri Numaralı Krediye Bağlı Menkul Kıymet",TR,2026-06-10T11:46:44.720122Z,0.9,rating_50e160c14b5809207efd56ed,,,,-,https://turkrating.com/files/uploads/fintech-cap-sarl-nin-ihraccisi-oldugu-20000000-eur-tutarli-ve-2024-2-seri-numarali-krediye-bagli-menkul-kiymet-2150.pdf,2024-09-24,2024-09-24,National,https://turkrating.com/files/uploads/fintech-cap-sarl-nin-ihraccisi-oldugu-20000000-eur-tutarli-ve-2024-2-seri-numarali-krediye-bagli-menkul-kiymet-2150.pdf,Krediye Bağlı Menkul Kıymet,Krediye Bağlı Menkul Kıymet,TR A1,TurkRating,https://turkrating.com/borclanma-araclari-rl-52940.html,
Geri Çekildi,Geri Çekme,,ALB Yatırım Menkul Değerler,ALB Yatırım Menkul Değerler A.Ş.,TR,2026-06-10T11:46:44.643496Z,0.9,rating_4e0e444a4f885c7a43fd5125,,,,-,https://turkrating.com/files/uploads/alb-yatirim-menkul-degerler-as-5724.pdf,2024-09-11,2024-09-11,National,https://turkrating.com/files/uploads/alb-yatirim-menkul-degerler-as-5724.pdf,Aracı Kurum,Aracı Kurum,,TurkRating,https://turkrating.com/banka-disi-finans-kuruluslari-rl-08941.html,
Geri Çekildi,Geri Çekme,,Gübre Fabrikaları Türk,Gübre Fabrikaları Türk A.Ş.,TR,2026-06-10T11:46:44.569469Z,0.9,rating_38c741d54d7e24f4e8b31299,,,,-,https://turkrating.com/files/uploads/gubre-fabrikalari-turk-as-1869.pdf,2024-08-26,2024-08-26,National,https://turkrating.com/files/uploads/gubre-fabrikalari-turk-as-1869.pdf,Kimyasal Gübre,Kimyasal Gübre,,TurkRating,https://turkrating.com/reel-sektor-rl-81570.html,
İlk Kez,İlk Kez,,Pasha Yatırım Bankası . Maygold Varlık Finansmanı Fonu,Pasha Yatırım Bankası A. Ş. Maygold Varlık Finansmanı Fonu,TR,2026-06-10T11:46:44.720649Z,0.9,rating_eb002139a9a5cfefe33e5704,,,,-,https://turkrating.com/files/uploads/pasha-yatirim-bankasi-a-s-maygold-varlik-finansmani-fonu-5189.pdf,2024-08-22,2024-08-22,National,https://turkrating.com/files/uploads/pasha-yatirim-bankasi-a-s-maygold-varlik-finansmani-fonu-5189.pdf,Varlığa Dayalı Menkul Kıymet,Varlığa Dayalı Menkul Kıymet,TR A3,TurkRating,https://turkrating.com/borclanma-araclari-rl-52940.html,
İlk Kez,İlk Kez,,Pasha Yatırım Bankası . Birinci Varlık Finansmanı Fonu,Pasha Yatırım Bankası A.Ş. Birinci Varlık Finansmanı Fonu,TR,2026-06-10T11:46:44.721201Z,0.9,rating_fa30c0b7de3f664d55a97dfa,,,,-,https://turkrating.com/files/uploads/pasha-yatirim-bankasi-as-birinci-varlik-finansmani-fonu-0517.pdf,2024-08-16,2024-08-16,National,https://turkrating.com/files/uploads/pasha-yatirim-bankasi-as-birinci-varlik-finansmani-fonu-0517.pdf,Varlığa Dayalı Menkul Kıymet,Varlığa Dayalı Menkul Kıymet,TR A1,TurkRating,https://turkrating.com/borclanma-araclari-rl-52940.html,
,,,BULLS YATIRIM MENKUL DEĞERLER,BULLS YATIRIM MENKUL DEĞERLER A.Ş.,TR,2026-06-10T11:19:47.203683Z,0.9,rating_3f32c24a74d79c8b2d2d9c74,KR BBB +,KobiRate detail page parsed; public PDF/report URL is only stored when the page exposes a direct link.,Durağan,DURAĞAN,,2024-08-16,2024-08-16,National,,Finans ve sigorta faaliyetleri,Finans ve sigorta faaliyetleri,KR A-3,KobiRate,https://www.kobirate.com.tr/Kredi-Derecelendirme-Raporlari/detay.aspx?id=5554,2025-08-16
,,,TEB Yatırım,TEB Yatırım,TR,2026-06-10T11:45:51.538718Z,0.55,rating_1e17391fa8c5e292e8195044,(TR) AA+,,Durağan,Stabil,https://saharating.com/wp-content/uploads/2023/11/TBY-240711-C-TR-OZET.pdf,,2024-07-12,National,https://saharating.com/ratingler/teb-yatirim-menkul-degerler-a-s/,,,(TR) A1+,SAHA Rating,https://saharating.com/rating/kredi-derecelendirme-ratingler/,
Güncelleme,Güncelleme,,Detay Gıda Sanayi ve Ticaret,Detay Gıda Sanayi ve Ticaret A.Ş.,TR,2026-06-10T11:46:44.570879Z,0.9,rating_35799ee86756b6e2fca642b0,TR AA-,,Durağan,Durağan,https://turkrating.com/files/uploads/detay-gida-sanayi-ve-ticaret-as-41072.pdf,2024-07-05,2024-07-05,National,https://turkrating.com/files/uploads/detay-gida-sanayi-ve-ticaret-as-41072.pdf,Üretim/İmalat,Üretim/İmalat,TR A1,TurkRating,https://turkrating.com/reel-sektor-rl-81570.html,
Güncelleme,Güncelleme,q faktoring; q finans faktoring,Q Faktoring,QNB Finans Faktoring A.Ş.,TR,2026-06-10T11:46:44.645480Z,0.9,rating_069eac1434e56a0741cdb5ea,TR AA,,Durağan,Durağan,https://turkrating.com/files/uploads/qnb-finans-faktoring-as-4601.pdf,2024-06-27,2024-06-27,National,https://turkrating.com/files/uploads/qnb-finans-faktoring-as-4601.pdf,Faktoring,Faktoring,TR A1,TurkRating,https://turkrating.com/banka-disi-finans-kuruluslari-rl-08941.html,
Güncelleme,Güncelleme,,QNB Finans Faktoring,QNB Finans Faktoring A.Ş.,TR,2026-06-10T10:42:09.034558Z,0.9,rating_dc7d90bb7bbcc2d6b6d02c75,TR AA,,Durağan,Durağan,https://turkrating.com/files/uploads/qnb-finans-faktoring-as-4601.pdf,2024-06-27,2024-06-27,National,https://turkrating.com/files/uploads/qnb-finans-faktoring-as-4601.pdf,Faktoring,Faktoring,TR A1,TurkRating,https://turkrating.com/banka-disi-finans-kuruluslari-rl-08941.html,
,,,YAŞAR FACTORİNG,YAŞAR FACTORİNG A.Ş.,TR,2026-06-10T11:19:47.204102Z,0.9,rating_99709b964719ce35e932de88,KR BBB+,KobiRate detail page parsed; public PDF/report URL is only stored when the page exposes a direct link.,Durağan,DURAĞAN,,2024-05-02,2024-05-02,National,,Faktoring,Faktöring Şirketleri,KR A-3,KobiRate,https://www.kobirate.com.tr/Kredi-Derecelendirme-Raporlari/detay.aspx?id=5552,2025-05-02
,,,Naturelgaz,Naturelgaz,TR,2026-06-10T11:45:51.494255Z,0.55,rating_1e362c3396ad60f6831a3663,(TR) AA-,,Durağan,Stabil,https://saharating.com/wp-content/uploads/2024/04/NTGAZ-240424-C-TR.pdf,,2024-04-24,National,https://saharating.com/ratingler/naturelgaz-san-ve-tic-a-s/,,,(TR) A1+,SAHA Rating,https://saharating.com/rating/kredi-derecelendirme-ratingler/,
Güncelleme,Güncelleme,,Zorlu Faktoring,Zorlu Faktoring A.Ş.,TR,2026-06-10T11:46:44.648742Z,0.9,rating_c507c38331416488387734fd,TR A-,,Negatif,Negatif,https://turkrating.com/files/uploads/zorlu-faktoring-as-4895.pdf,2024-04-05,2024-04-05,National,https://turkrating.com/files/uploads/zorlu-faktoring-as-4895.pdf,Faktoring,Faktoring,TR A2,TurkRating,https://turkrating.com/banka-disi-finans-kuruluslari-rl-08941.html,
İlk Kez,İlk Kez,,QNB Finans Yatırım Menkul Değerler,QNB Finans Yatırım Menkul Değerler A.Ş.,TR,2026-06-10T11:46:44.648379Z,0.9,rating_0fa2e7f6114ba21e8db555a9,TR AAA,,Durağan,Durağan,https://turkrating.com/files/uploads/qnb-finans-yatirim-menkul-degerler-as-3594.pdf,2024-04-05,2024-04-05,National,https://turkrating.com/files/uploads/qnb-finans-yatirim-menkul-degerler-as-3594.pdf,Aracı Kurum,Aracı Kurum,TR A1,TurkRating,https://turkrating.com/banka-disi-finans-kuruluslari-rl-08941.html,
Güncelleme,Güncelleme,,Quick Finansman,Quick Finansman AŞ,TR,2026-06-10T11:46:44.649470Z,0.9,rating_c6b8e8c72bb722d1060c4c13,TR BBB+,,Pozitif,Pozitif,https://turkrating.com/files/uploads/quick-finansman-as-8514.pdf,2024-04-01,2024-04-01,National,https://turkrating.com/files/uploads/quick-finansman-as-8514.pdf,Finansman,Finansman,TR A2,TurkRating,https://turkrating.com/banka-disi-finans-kuruluslari-rl-08941.html,
Geri Çekildi,Geri Çekme,,Alves Kablo Sanayi ve Ticaret,Alves Kablo Sanayi ve Ticaret A.Ş.,TR,2026-06-10T11:46:44.571947Z,0.9,rating_186a30a2d54df6e7739356c9,,,,-,https://turkrating.com/files/uploads/alves-kablo-sanayi-ve-ticaret-as-8614.pdf,2024-03-21,2024-03-21,National,https://turkrating.com/files/uploads/alves-kablo-sanayi-ve-ticaret-as-8614.pdf,Üretim/İmalat,Üretim/İmalat,,TurkRating,https://turkrating.com/reel-sektor-rl-81570.html,
İlk Kez,İlk Kez,,Turkrent Operasyonel Kiralama,Turkrent Operasyonel Kiralama A.Ş.,TR,2026-06-10T11:46:44.573155Z,0.9,rating_e9eb5da06ae2320065c72102,TR BBB,,Durağan,Durağan,https://turkrating.com/files/uploads/turkrent-operasyonel-kiralama-as-6058.pdf,2023-12-19,2023-12-19,National,https://turkrating.com/files/uploads/turkrent-operasyonel-kiralama-as-6058.pdf,Operasyonel Kiralama,Operasyonel Kiralama,TR A2,TurkRating,https://turkrating.com/reel-sektor-rl-81570.html,
,,,VAKIF FAKTORİNG,VAKIF FAKTORİNG A.Ş.,TR,2026-06-10T11:19:47.192040Z,0.9,rating_d6c18738ea286a295f924936,KR AAA,KobiRate detail page parsed; public PDF/report URL is only stored when the page exposes a direct link.,Durağan,DURAĞAN,,2023-11-24,2023-11-24,National,,Faktoring,Faktöring Şirketleri,KR A-1,KobiRate,https://www.kobirate.com.tr/Kredi-Derecelendirme-Raporlari/detay.aspx?id=4217,2024-11-24
İlk Kez,İlk Kez,,Pasha Yatırım Bankası . Tarfin Üçüncü Varlık Finansmanı Fonu,Pasha Yatırım Bankası A. Ş. Tarfin Üçüncü Varlık Finansmanı Fonu,TR,2026-06-10T11:46:44.723518Z,0.9,rating_07ed848e57dda602d8fec899,,,,-,https://turkrating.com/files/uploads/pasha-yatirim-bankasi-a-s-tarfin-ucuncu-varlik-finansmani-fonu-5732.pdf,2023-11-16,2023-11-16,National,https://turkrating.com/files/uploads/pasha-yatirim-bankasi-a-s-tarfin-ucuncu-varlik-finansmani-fonu-5732.pdf,Varlığa Dayalı Menkul Kıymet,Varlığa Dayalı Menkul Kıymet,TR A2,TurkRating,https://turkrating.com/borclanma-araclari-rl-52940.html,
Güncelleme,Güncelleme,,Tarım Kredi Tedarik ve Üretim,Tarım Kredi Tedarik ve Üretim A.Ş.,TR,2026-06-10T11:46:44.573507Z,0.9,rating_34aedf65011ccea7a4080711,TR A,,Durağan,Durağan,https://turkrating.com/files/uploads/tarim-kredi-tedarik-ve-uretim-as-9657.pdf,2023-10-26,2023-10-26,National,https://turkrating.com/files/uploads/tarim-kredi-tedarik-ve-uretim-as-9657.pdf,Gıda,Gıda,TR A2,TurkRating,https://turkrating.com/reel-sektor-rl-81570.html,
İlk Kez,İlk Kez,,"Fintech CAP S.A.R.L.'nin İhraççısı Olduğu, 16.000.000 EUR Tutarlı VE 2023-1 Serİ Numaralı Krediye Bağlı Menkul Kıymet","Fintech CAP S.A.R.L.’nin İhraççısı Olduğu, 16.000.000 EUR Tutarlı VE 2023-1 Serİ Numaralı Krediye Bağlı Menkul Kıymet",TR,2026-06-10T11:46:44.723926Z,0.9,rating_96b62faea9b87e94ef67877e,,,,-,https://turkrating.com/files/uploads/fintech-cap-sarl-nin-ihraccisi-oldugu-16000000-eur-tutarli-ve-2023-1-seri-numarali-krediye-bagli-menkul-kiymet-8291.pdf,2023-10-25,2023-10-25,National,https://turkrating.com/files/uploads/fintech-cap-sarl-nin-ihraccisi-oldugu-16000000-eur-tutarli-ve-2023-1-seri-numarali-krediye-bagli-menkul-kiymet-8291.pdf,Krediye Bağlı Menkul Kıymet,Krediye Bağlı Menkul Kıymet,TR A1,TurkRating,https://turkrating.com/borclanma-araclari-rl-52940.html,
Güncelleme,Güncelleme,,Tarım Kredi Yem Sanayi ve Ticaret,Tarım Kredi Yem Sanayi ve Ticaret A.Ş.,TR,2026-06-10T11:46:44.573847Z,0.9,rating_2c529beaf538c7296ce735cc,TR A+,,Durağan,Durağan,https://turkrating.com/files/uploads/tarim-kredi-yem-sanayi-ve-ticaret-as-4326.pdf,2023-10-19,2023-10-19,National,https://turkrating.com/files/uploads/tarim-kredi-yem-sanayi-ve-ticaret-as-4326.pdf,Üretim/İmalat,Üretim/İmalat,TR A1,TurkRating,https://turkrating.com/reel-sektor-rl-81570.html,
Güncelleme,Güncelleme,,Tarım Kredi Holding,Tarım Kredi Holding A.Ş.,TR,2026-06-10T11:46:44.574543Z,0.9,rating_cda6b613d40184d58264df0d,TR AA-,,Durağan,Durağan,https://turkrating.com/files/uploads/tarim-kredi-holding-as-0986.pdf,2023-10-18,2023-10-18,National,https://turkrating.com/files/uploads/tarim-kredi-holding-as-0986.pdf,Yönetim Hizmetleri,Yönetim Hizmetleri,TR A1,TurkRating,https://turkrating.com/reel-sektor-rl-81570.html,
Güncelleme,Güncelleme,,Tarkim Bitki Koruma Sanayi ve Ticaret,Tarkim Bitki Koruma Sanayi ve Ticaret A.Ş.,TR,2026-06-10T11:46:44.574185Z,0.9,rating_fd26504aec2a62b0aeba212d,TR A+,,Pozitif,Pozitif,https://turkrating.com/files/uploads/tarkim-bitki-koruma-sanayi-ve-ticaret-as-7321.pdf,2023-10-18,2023-10-18,National,https://turkrating.com/files/uploads/tarkim-bitki-koruma-sanayi-ve-ticaret-as-7321.pdf,Üretim/İmalat,Üretim/İmalat,TR A1,TurkRating,https://turkrating.com/reel-sektor-rl-81570.html,
,,,Çinigaz,Çinigaz,TR,2026-06-10T11:45:51.434943Z,0.55,rating_0f2fae0ede9a1b702e764710,(TR) A+,,Durağan,Stabil,https://saharating.com/wp-content/uploads/2023/09/Cinigaz-2023-09-21-TR.pdf,,2023-09-21,National,https://saharating.com/ratingler/cinigaz-dogalgaz-dagitim-a-s/,,,(TR) A1,SAHA Rating,https://saharating.com/rating/kredi-derecelendirme-ratingler/,
,,,TFG İSTANBUL MENKUL DEĞERLER,TFG İSTANBUL MENKUL DEĞERLER A.Ş.,TR,2026-06-10T11:19:47.202194Z,0.9,rating_ab9cc9b636ed2f2f08b44961,KR BB+,KobiRate detail page parsed; public PDF/report URL is only stored when the page exposes a direct link.,Durağan,DURAĞAN,,2023-09-01,2023-09-01,National,,Finans ve sigorta faaliyetleri,Finans ve sigorta faaliyetleri,KR B,KobiRate,https://www.kobirate.com.tr/Kredi-Derecelendirme-Raporlari/detay.aspx?id=5544,2024-09-01
,,,NUVİTA İLAÇ VE KİMYA SANAYİ TİCARET,NUVİTA İLAÇ VE KİMYA SANAYİ TİCARET A.Ş.,TR,2026-06-10T11:19:47.210481Z,0.9,rating_3edaebdb25b2cb9708c23488,KR A-,KobiRate detail page parsed; public PDF/report URL is only stored when the page exposes a direct link.,Durağan,DURAĞAN,,2023-08-31,2023-08-31,National,,Temel eczacılık ürünlerinin ve eczacılığa ilişkin malzemelerin imalatı,Temel eczacılık ürünlerinin ve eczacılığa ilişkin malzemelerin imalatı,KR A-2,KobiRate,https://www.kobirate.com.tr/Kredi-Derecelendirme-Raporlari/detay.aspx?id=5548,2024-08-31
Güncelleme,Güncelleme,,Palen Enerji Doğalgaz Dağıtım Endüstri ve Ticaret,Palen Enerji Doğalgaz Dağıtım Endüstri ve Ticaret A.Ş.,TR,2026-06-10T11:46:44.578646Z,0.9,rating_f3b9ce986f2c444040989019,TR A-,,Durağan,Durağan,https://turkrating.com/files/uploads/palen-enerji-dogalgaz-dagitim-endustri-ve-ticaret-as-2076.pdf,2023-07-27,2023-07-27,National,https://turkrating.com/files/uploads/palen-enerji-dogalgaz-dagitim-endustri-ve-ticaret-as-2076.pdf,Doğalgaz Dağıtım,Doğalgaz Dağıtım,TR A2,TurkRating,https://turkrating.com/reel-sektor-rl-81570.html,
Güncelleme,Güncelleme,,Palmet Enerji,Palmet Enerji A.Ş.,TR,2026-06-10T11:46:44.580117Z,0.9,rating_ba7cf0c2e4438443bf8e739e,TR A+,,Durağan,Durağan,https://turkrating.com/files/uploads/palmet-enerji-as-5689.pdf,2023-07-18,2023-07-18,National,https://turkrating.com/files/uploads/palmet-enerji-as-5689.pdf,Enerji,Enerji,TR A1,TurkRating,https://turkrating.com/reel-sektor-rl-81570.html,
,,,Beyaz Filo,Beyaz Filo,TR,2026-06-10T11:45:51.426101Z,0.55,rating_84eb011bdcfa5d060aba395d,(TR) A,,Durağan,Stabil,https://saharating.com/wp-content/uploads/2023/07/BEYAZ-2023-07-12.pdf,,2023-07-12,National,https://saharating.com/ratingler/beyaz-filo-oto-kiralama-a-s/,,,(TR) A1,SAHA Rating,https://saharating.com/rating/kredi-derecelendirme-ratingler/,
,,,Söktaş,Söktaş,TR,2026-06-10T11:45:51.526726Z,0.55,rating_1e1c28978a4282644fb7d30a,(TR) A,,Durağan,Stabil,https://saharating.com/wp-content/uploads/2023/06/SKTAS-2023-06-20-TR-OZET.pdf,,2023-06-20,National,https://saharating.com/ratingler/soktas-tekstil-san-ve-tic-a-s/,,,(TR) A1,SAHA Rating,https://saharating.com/rating/kredi-derecelendirme-ratingler/,
,,,Aztek Teknoloji,Aztek Teknoloji,TR,2026-06-10T11:45:51.425193Z,0.55,rating_2c9931e759f2d289a0e2166b,(TR) AA-,,Durağan,Stabil,https://saharating.com/wp-content/uploads/2023/06/Kisa-Rapor-Aztek-Teknoloji-2023-06.pdf,,2023-06-05,National,https://saharating.com/ratingler/aztek-teknoloji-urunleri-a-s/,,,(TR) A1+,SAHA Rating,https://saharating.com/rating/kredi-derecelendirme-ratingler/,
,,,TURK İLAÇ VE SERUM SANAYİ,TURK İLAÇ VE SERUM SANAYİ A.Ş.,TR,2026-06-10T11:19:47.207588Z,0.9,rating_ad7a32e11d2ca9bd34e31f16,KR A-,KobiRate detail page parsed; public PDF/report URL is only stored when the page exposes a direct link.,Durağan,DURAĞAN,,2023-05-10,2023-05-10,National,,Temel eczacılık ürünlerinin ve eczacılığa ilişkin malzemelerin imalatı,Temel eczacılık ürünlerinin ve eczacılığa ilişkin malzemelerin imalatı,KR A-2,KobiRate,https://www.kobirate.com.tr/Kredi-Derecelendirme-Raporlari/detay.aspx?id=5545,2024-05-10
Güncelleme,Güncelleme,,Palgaz Doğalgaz Dağtım Sanayi ve Ticaret,Palgaz Doğalgaz Dağtım Sanayi ve Ticaret A.Ş.,TR,2026-06-10T11:46:44.581562Z,0.9,rating_69a824b48b15db07f5104cf7,TR A+,,Durağan,Durağan,https://turkrating.com/files/uploads/palgaz-dogalgaz-dagtim-sanayi-ve-ticaret-as-6517.pdf,2023-03-23,2023-03-23,National,https://turkrating.com/files/uploads/palgaz-dogalgaz-dagtim-sanayi-ve-ticaret-as-6517.pdf,Doğalgaz Dağıtımı,Doğalgaz Dağıtımı,TR A1,TurkRating,https://turkrating.com/reel-sektor-rl-81570.html,
,,,TRİVE YÖNETİM DANIŞMANLIK,TRİVE YÖNETİM DANIŞMANLIK A.Ş,TR,2026-06-10T11:19:47.204506Z,0.9,rating_637e082cdfbdd608249b6ef6,KR BBB-,KobiRate detail page parsed; public PDF/report URL is only stored when the page exposes a direct link.,Durağan,DURAĞAN,,2023-03-02,2023-03-02,National,,"Mesleki, bilimsel ve teknik faaliyetler","Mesleki, bilimsel ve teknik faaliyetler",KR A-3,KobiRate,https://www.kobirate.com.tr/Kredi-Derecelendirme-Raporlari/detay.aspx?id=5540,2024-03-02
İlk Kez,İlk Kez,,Pasha Yatırım Bankası . Platin Kimya Varlık Finansmanı Fonu,Pasha Yatırım Bankası A.Ş. Platin Kimya Varlık Finansmanı Fonu,TR,2026-06-10T11:46:44.725202Z,0.9,rating_179e5b23013c9397dcdacf8a,,,,-,https://turkrating.com/files/uploads/pasha-yatirim-bankasi-as-platin-kimya-varlik-finansmani-fonu-0475.pdf,2023-02-06,2023-02-06,National,https://turkrating.com/files/uploads/pasha-yatirim-bankasi-as-platin-kimya-varlik-finansmani-fonu-0475.pdf,Varlığa Dayalı Menkul Kıymet,Varlığa Dayalı Menkul Kıymet,TR A2,TurkRating,https://turkrating.com/borclanma-araclari-rl-52940.html,
,,,BURGAN YATIRIM MENKUL DEĞERLER,BURGAN YATIRIM MENKUL DEĞERLER A.Ş.,TR,2026-06-10T11:19:47.201000Z,0.9,rating_5f09f05e977072a99994ff36,KR A+,KobiRate detail page parsed; public PDF/report URL is only stored when the page exposes a direct link.,Durağan,DURAĞAN,,2022-12-07,2022-12-07,National,,Finans ve sigorta faaliyetleri,Finans ve sigorta faaliyetleri,KR -1,KobiRate,https://www.kobirate.com.tr/Kredi-Derecelendirme-Raporlari/detay.aspx?id=5531,2023-12-07
,,,Set Varlık,Set Varlık,TR,2026-06-10T11:45:51.512530Z,0.55,rating_d53b80f75e625173943f0c90,(TR) A,,Durağan,Stabil,https://saharating.com/wp-content/uploads/2022/11/Set-Varlik-2022-11-25-TR.pdf,,2022-11-25,National,https://saharating.com/ratingler/set-varlik-kiralama-a-s/,,,(TR) A1,SAHA Rating,https://saharating.com/rating/kredi-derecelendirme-ratingler/,
,,,Gözde Girişim,Gözde Girişim,TR,2026-06-10T11:45:51.449046Z,0.55,rating_a8c3606a9cf996820486b2eb,(TR) A,,Durağan,Stabil,https://saharating.com/wp-content/uploads/2022/10/GOZDE-2022-10-14-OZET.pdf,,2022-10-14,National,https://saharating.com/ratingler/gozde-girisim-sermayesi-yat-ortak-a-s/,,,(TR) A1,SAHA Rating,https://saharating.com/rating/kredi-derecelendirme-ratingler/,
,,,ATA GAYRİMENKUL YATIRIM ORTAKLIĞI,ATA GAYRİMENKUL YATIRIM ORTAKLIĞI A.Ş.,TR,2026-06-10T11:19:47.208462Z,0.9,rating_f8eb7b40eb9472ed3865ad6e,KR A-,KobiRate detail page parsed; public PDF/report URL is only stored when the page exposes a direct link.,Durağan,DURAGAN,,2022-09-21,2022-09-21,National,,Gayrimenkul faaliyetleri,Gayrimenkul faaliyetleri,KR A-2,KobiRate,https://www.kobirate.com.tr/Kredi-Derecelendirme-Raporlari/detay.aspx?id=5514,2023-09-21
Güncelleme,Güncelleme,,Palmet Gaz Grup,Palmet Gaz Grup A.Ş.,TR,2026-06-10T11:46:44.582245Z,0.9,rating_7c4e989baa23c16b8c1f5a83,TR A+,,Durağan,Durağan,https://turkrating.com/files/uploads/palmet-gaz-grup-as-1746.pdf,2022-09-13,2022-09-13,National,https://turkrating.com/files/uploads/palmet-gaz-grup-as-1746.pdf,Doğalgaz Dağıtım,Doğalgaz Dağıtım,TR A1,TurkRating,https://turkrating.com/reel-sektor-rl-81570.html,
,,,Arzum,Arzum,TR,2026-06-10T11:45:51.419663Z,0.55,rating_e667d9f4f8740a5a0e2cafe7,(TR) AA,,Durağan,Stabil,https://saharating.com/wp-content/uploads/2022/09/Arzum-2022-09-07-Ozet.pdf,,2022-09-07,National,https://saharating.com/ratingler/arzum-elektrikli-ev-aletleri-a-s/,,,(TR) A1+,SAHA Rating,https://saharating.com/rating/kredi-derecelendirme-ratingler/,
,,,EMT ELEKTRONİK MÜHENDİSLİK SANAYİ TİCARET,EMT ELEKTRONİK MÜHENDİSLİK SANAYİ TİCARET LTD.ŞTİ,TR,2026-06-10T11:19:47.216781Z,0.9,rating_085046099694834e48e7635b,KR A-,KobiRate detail page parsed; public PDF/report URL is only stored when the page exposes a direct link.,Durağan,DURAĞAN,,2022-08-01,2022-08-01,National,,"Bilgisayarların, elektronik ve optik ürünlerin imalatı","Bilgisayarların, elektronik ve optik ürünlerin imalatı",KR A-2,KobiRate,https://www.kobirate.com.tr/Kredi-Derecelendirme-Raporlari/detay.aspx?id=5535,2023-08-01
İlk Kez,İlk Kez,,Tarım Kredi Birlik Tarım Ürünleri Hay. Amb. Pet. Nak. İth. İhr. San. ve Tic,Tarım Kredi Birlik Tarım Ürünleri Hay. Amb. Pet. Nak. İth. İhr. San. ve Tic. A.Ş.,TR,2026-06-10T11:46:44.584805Z,0.9,rating_a9e11c012b2537e3317c6cfe,TR A,,Durağan,Durağan,https://turkrating.com/files/uploads/tarim-kredi-birlik-tarim-urunleri-hay-amb-pet-nak-ith-ihr-san-ve-tic-as-9123.pdf,2022-07-26,2022-07-26,National,https://turkrating.com/files/uploads/tarim-kredi-birlik-tarim-urunleri-hay-amb-pet-nak-ith-ihr-san-ve-tic-as-9123.pdf,Gıda,Gıda,TR A2,TurkRating,https://turkrating.com/reel-sektor-rl-81570.html,
,,,PHİLLİP CAPİTAL MENKUL DEĞERLER,PHİLLİP CAPİTAL MENKUL DEĞERLER A.Ş.,TR,2026-06-10T11:19:47.197740Z,0.9,rating_43c34729dc8981c5024e5e3e,KR A+,KobiRate detail page parsed; public PDF/report URL is only stored when the page exposes a direct link.,Durağan,DURAĞAN,,2022-06-29,2022-06-29,National,,Finans ve sigorta faaliyetleri,Finans ve sigorta faaliyetleri,KR A-1,KobiRate,https://www.kobirate.com.tr/Kredi-Derecelendirme-Raporlari/detay.aspx?id=5518,2023-06-29
,,,Setgaz,Setgaz,TR,2026-06-10T11:45:51.523954Z,0.55,rating_894011b7f5a50c709c4c1911,(TR) BBB-,,Durağan,Stabil,https://saharating.com/wp-content/uploads/2022/06/Setgaz-2022-06-TR.pdf,,2022-06-06,National,https://saharating.com/ratingler/setgaz-dogalgaz-ith-ihr-ve-top-satis-a-s/,,,(TR) A3,SAHA Rating,https://saharating.com/rating/kredi-derecelendirme-ratingler/,
İlk Kez,İlk Kez,,Dentaş Kağıt Sanayi,Dentaş Kağıt Sanayi A.Ş.,TR,2026-06-10T11:46:44.587348Z,0.9,rating_16e28b3a9629c86cd8f0e40c,TR A+,,Durağan,Durağan,https://turkrating.com/files/uploads/dentas-kagit-sanayi-as-7100.pdf,2022-04-28,2022-04-28,National,https://turkrating.com/files/uploads/dentas-kagit-sanayi-as-7100.pdf,Üretim/İmalat,Üretim/İmalat,Tr A1,TurkRating,https://turkrating.com/reel-sektor-rl-81570.html,
Güncelleme,Güncelleme,,Palgaz Doğalgaz Dağıtım Sanayi ve Ticaret,Palgaz Doğalgaz Dağıtım Sanayi ve Ticaret A.Ş.,TR,2026-06-10T11:46:44.587692Z,0.9,rating_6c7c00e206750905f03c21f9,TR A+,,Durağan,Durağan,https://turkrating.com/files/uploads/palgaz-dogalgaz-dagitim-sanayi-ve-ticaret-as-0129.pdf,2022-03-23,2022-03-23,National,https://turkrating.com/files/uploads/palgaz-dogalgaz-dagitim-sanayi-ve-ticaret-as-0129.pdf,Doğalgaz Dağıtımı,Doğalgaz Dağıtımı,TR A1,TurkRating,https://turkrating.com/reel-sektor-rl-81570.html,
,,,Unifo Gıda,Unifo Gıda,TR,2026-06-10T11:45:51.544328Z,0.55,rating_108dae74e583f14b3d25b017,(TR) BBB+,,Durağan,Stabil,https://saharating.com/wp-content/uploads/2021/08/Unifo-Kredi-Derecelendirme-Raporu-2021-08-11-Kisa.pdf,,2021-08-11,National,https://saharating.com/ratingler/unifo-gida-ve-savunma-sanayi-tic-a-s/,,,(TR) A2,SAHA Rating,https://saharating.com/rating/kredi-derecelendirme-ratingler/,
Güncelleme,Güncelleme,,Palmet Enerji A:Ş,Palmet Enerji A:Ş.,TR,2026-06-10T11:46:44.589133Z,0.9,rating_4db49a3e392ea95506d81384,TR A,,Durağan,Durağan,https://turkrating.com/files/uploads/palmet-enerji-a-s-1248.pdf,2021-07-13,2021-07-13,National,https://turkrating.com/files/uploads/palmet-enerji-a-s-1248.pdf,Enerji,Enerji,TR A2,TurkRating,https://turkrating.com/reel-sektor-rl-81570.html,
,,,Otokoç,Otokoç,TR,2026-06-10T11:45:51.503517Z,0.55,rating_fe138e3213e0a44f648ba9d5,(TR) AA,,Durağan,Stabil,https://saharating.com/wp-content/uploads/2021/06/Otokoc-Kredi-Derecelendirme-Kisa-Raporu-2021.pdf,,2021-06-28,National,https://saharating.com/ratingler/otokoc-otomotiv-tic-ve-san-a-s/,,,(TR) A1+,SAHA Rating,https://saharating.com/rating/kredi-derecelendirme-ratingler/,
,,,GCM Yatırım,GCM Yatırım,TR,2026-06-10T11:45:51.444824Z,0.55,rating_17ebb6611e96f34bb1a38066,Duyuru,,,,https://saharating.com/wp-content/uploads/2021/12/GCM-Duyuru-2021.pdf,,2021-05-29,National,https://saharating.com/ratingler/gcm-yatirim-menkul-degerler-a-s/,,,,SAHA Rating,https://saharating.com/rating/kredi-derecelendirme-ratingler/,
,,,Tat Gıda,Tat Gıda,TR,2026-06-10T11:45:51.530441Z,0.55,rating_54501df1273568ea60375437,(TR) AA,,Durağan,Stabil,https://saharating.com/wp-content/uploads/2021/05/Tat-Gida-Kredi-Derecelendirme-Kisa-Raporu-2021.pdf,,2021-05-27,National,https://saharating.com/ratingler/tat-gida-sanayi-a-s/,,,(TR) A1+,SAHA Rating,https://saharating.com/rating/kredi-derecelendirme-ratingler/,
,,,Opet,Opet,TR,2026-06-10T11:45:51.495702Z,0.55,rating_ba698228f0ce1d3300b377f1,(TR) AA,,Durağan,Stabil,https://saharating.com/wp-content/uploads/2021/05/Kisa-Rapor-Opet-Petrolculuk-A-S-2021-Kredi-Derecelendirme-Raporu.pdf,,2021-05-24,National,https://saharating.com/ratingler/opet-petrolculuk-a-s/,,,(TR) A1+,SAHA Rating,https://saharating.com/rating/kredi-derecelendirme-ratingler/,
,,,İş Faktoring,İş Faktoring,TR,2026-06-10T11:45:51.457656Z,0.55,rating_9cfd5c8a1dab28da59947d3c,Duyuru,,,,http://www.saharating.com/~saharati/wp-content/uploads/2021/05/İş-Faktoring-Duyuru.pdf,,2021-05-24,National,https://saharating.com/ratingler/is-faktoring-a-s/,,,,SAHA Rating,https://saharating.com/rating/kredi-derecelendirme-ratingler/,
,,,Qua Granite,Qua Granite,TR,2026-06-10T11:45:51.510629Z,0.55,rating_19c7c03c66130eeb5b15af91,(TR) AA-,,Durağan,Stabil,https://saharating.com/wp-content/uploads/2021/05/Qua-Granite-Kisa-kredi-derecelendirme-raporu.pdf,,2021-04-26,National,https://saharating.com/ratingler/qua-granite-hayal-yapi-urunleri-a-s/,,,(TR) A1+,SAHA Rating,https://saharating.com/rating/kredi-derecelendirme-ratingler/,
,,,GARANTİ BBVA FİLO YÖNETİM HİZMETLERİ,GARANTİ BBVA FİLO YÖNETİM HİZMETLERİ A.Ş.,TR,2026-06-10T11:19:47.202573Z,0.9,rating_bf1ec04f92ee89cfcbace0af,KR AA-,KobiRate detail page parsed; public PDF/report URL is only stored when the page exposes a direct link.,Pozitif,POZİTİF,,2021-03-16,2021-03-16,National,,İdari ve destek hizmet faaliyetleri,İdari ve destek hizmet faaliyetleri,KR A-1,KobiRate,https://www.kobirate.com.tr/Kredi-Derecelendirme-Raporlari/detay.aspx?id=4320,2022-03-16
,,,Mavi Giyim,Mavi Giyim,TR,2026-06-10T11:45:51.490974Z,0.55,rating_585e920f59b6c4763eaca354,(TR) AA-,,Durağan,Stabil,https://saharating.com/wp-content/uploads/2021/03/Mavi-Kisa-Rapor-2020-02-26.pdf,,2021-02-26,National,https://saharating.com/ratingler/mavi-giyim-a-s/,,,(TR) A1+,SAHA Rating,https://saharating.com/rating/kredi-derecelendirme-ratingler/,
Güncelleme,Güncelleme,,Kayseri Şeker Fabrikası,Kayseri Şeker Fabrikası A.Ş.,TR,2026-06-10T11:46:44.590139Z,0.9,rating_37b6167eb2bb75f26a298385,TR A,,Durağan,Durağan,https://turkrating.com/files/uploads/kayseri-seker-fabrikasi-as-23879.pdf,2020-12-29,2020-12-29,National,https://turkrating.com/files/uploads/kayseri-seker-fabrikasi-as-23879.pdf,Gıda,Gıda,TR A2,TurkRating,https://turkrating.com/reel-sektor-rl-81570.html,
Güncelleme,Güncelleme,,Altınmarka Gıda Sanayi ve Ticaret .',Altınmarka Gıda Sanayi ve Ticaret A.Ş.’,TR,2026-06-10T11:46:44.590507Z,0.9,rating_d1b8511551d310c5f7aabf6d,TR A+,,Durağan,Durağan,https://turkrating.com/files/uploads/altinmarka-gida-sanayi-ve-ticaret-as-58034.pdf,2020-12-24,2020-12-24,National,https://turkrating.com/files/uploads/altinmarka-gida-sanayi-ve-ticaret-as-58034.pdf,Yiyecek & İçecek,Yiyecek & İçecek,TR A1,TurkRating,https://turkrating.com/reel-sektor-rl-81570.html,
,,,PEGASUS HAVA TAŞIMACILIĞI,PEGASUS HAVA TAŞIMACILIĞI A.Ş.,TR,2026-06-10T11:19:47.173753Z,0.9,rating_2d10776c4efb037fc59e7f8c,KR BBB,KobiRate detail page parsed; public PDF/report URL is only stored when the page exposes a direct link.,Durağan,DURAĞAN,,2020-12-23,2020-12-23,National,,Ulaştırma ve depolama,Ulaştırma ve depolama,KR A-3,KobiRate,https://www.kobirate.com.tr/Kredi-Derecelendirme-Raporlari/detay.aspx?id=6,2021-12-23
,,,Adel Kalemcilik,Adel Kalemcilik,TR,2026-06-10T11:45:51.409783Z,0.55,rating_31b4c99740d20dfe3ad75e57,(TR) AA-,,Negatif,Negatif,https://saharating.com/wp-content/uploads/2020/11/ADEL-Kisa-Kredi-Derecelendirme-Raporu-2020.pdf,,2020-10-23,National,https://saharating.com/ratingler/adel-kalemcilik-sanayi-ve-ticaret-a-s/,,,(TR) A1+,SAHA Rating,https://saharating.com/rating/kredi-derecelendirme-ratingler/,
Güncelleme,Güncelleme,,YDA İnşaat Sanayi ve Ticaret,YDA İnşaat Sanayi ve Ticaret A.Ş.,TR,2026-06-10T11:46:44.591522Z,0.9,rating_bf9ffff45e7ca4e0ec974648,TR AA+,,Durağan,Durağan,https://turkrating.com/files/uploads/yda-insaat-sanayi-ve-ticaret-as-46835.pdf,2020-07-29,2020-07-29,National,https://turkrating.com/files/uploads/yda-insaat-sanayi-ve-ticaret-as-46835.pdf,İnşaat,İnşaat,TR A1,TurkRating,https://turkrating.com/reel-sektor-rl-81570.html,
İlk Kez,İlk Kez,,MNG Kargo Yurtiçi ve Yurtdışı Taşımacılık,MNG Kargo Yurtiçi ve Yurtdışı Taşımacılık A.Ş.,TR,2026-06-10T11:46:44.591892Z,0.9,rating_c38ea431eefb9819ba928cb7,TR A,,Pozitif,Pozitif,https://turkrating.com/files/uploads/mng-kargo-yurtici-ve-yurtdisi-tasimacilik-as-71548.pdf,2020-07-28,2020-07-28,National,https://turkrating.com/files/uploads/mng-kargo-yurtici-ve-yurtdisi-tasimacilik-as-71548.pdf,Kargo Taşımacılığı,Kargo Taşımacılığı,TR A1,TurkRating,https://turkrating.com/reel-sektor-rl-81570.html,
,,,Koton,Koton,TR,2026-06-10T11:45:51.486547Z,0.55,rating_2f1fc2755d65aa8f72cfa65d,(TR) A,,Durağan,Stabil,https://saharating.com/wp-content/uploads/2020/07/Koton-2020-07-24-TR-Kisa.pdf,,2020-07-24,National,https://saharating.com/ratingler/koton-magazacilik-teks-san-ve-tic-a-s/,,,(TR) A1,SAHA Rating,https://saharating.com/rating/kredi-derecelendirme-ratingler/,
,,,Halk GYO,Halk GYO,TR,2026-06-10T11:45:51.454308Z,0.55,rating_1b05c955a0e9cfba12c47718,(TR) AA-,,Durağan,Stabil,https://saharating.com/wp-content/uploads/2020/07/HLGYO-2020-07-23-TR-Kisa.pdf,,2020-07-23,National,https://saharating.com/ratingler/halk-gayrimenkul-yatirim-ortakligi-a-s/,,,(TR) A1+,SAHA Rating,https://saharating.com/rating/kredi-derecelendirme-ratingler/,
Güncelleme,Güncelleme,,Nobel İlaç Sanayi ve Ticaret,Nobel İlaç Sanayi ve Ticaret A.Ş.,TR,2026-06-10T11:46:44.592257Z,0.9,rating_de2e675f01f3a4f59acff91f,TR A+,,Durağan,Durağan,https://turkrating.com/files/uploads/nobel-ilac-sanayi-ve-ticaret-as-90436.pdf,2020-07-13,2020-07-13,National,https://turkrating.com/files/uploads/nobel-ilac-sanayi-ve-ticaret-as-90436.pdf,İlaç,İlaç,TR A1,TurkRating,https://turkrating.com/reel-sektor-rl-81570.html,
,,,Borusan Yatırım,Borusan Yatırım,TR,2026-06-10T11:45:51.432114Z,0.55,rating_b1de3063ccf854ad5a590e08,(TR) AA+,,Durağan,Stabil,https://saharating.com/wp-content/uploads/2020/06/BRYAT-2020-Kisa-Rapor.pdf,,2020-06-29,National,https://saharating.com/ratingler/borusan-yatirim-ve-pazarlama-a-s/,,,(TR) A1+,SAHA Rating,https://saharating.com/rating/kredi-derecelendirme-ratingler/,
,,,Aygaz,Aygaz,TR,2026-06-10T11:45:51.422907Z,0.55,rating_3b0a0165c81b7780faa3f814,(TR) AAA,,Durağan,Stabil,https://saharating.com/wp-content/uploads/2020/06/Aygaz-2020-Kredi-Derecelendirme-Kisa-Raporu.pdf,,2020-06-22,National,https://saharating.com/ratingler/aygaz-a-s/,,,(TR) A1+,SAHA Rating,https://saharating.com/rating/kredi-derecelendirme-ratingler/,
Güncelleme,Güncelleme,,Kaleseramik Çanakkale Kalebodur Seramik Sanayi,Kaleseramik Çanakkale Kalebodur Seramik Sanayi A.Ş.,TR,2026-06-10T11:46:44.592927Z,0.9,rating_8b5388564c783791f30cab69,TR AA-,,Durağan,Durağan,https://turkrating.com/files/uploads/kaleseramik-canakkale-kalebodur-seramik-sanayi-as-62304.pdf,2020-06-12,2020-06-12,National,https://turkrating.com/files/uploads/kaleseramik-canakkale-kalebodur-seramik-sanayi-as-62304.pdf,Seramik,Seramik,TR A1,TurkRating,https://turkrating.com/reel-sektor-rl-81570.html,
,,,Doruk Finansman,Doruk Finansman,TR,2026-06-10T11:45:51.441019Z,0.55,rating_f6e9e14fff41683e4a8800be,(TR) BBB,,Durağan,Stabil,https://saharating.com/wp-content/uploads/2020/05/DOFIN-2020-05-29-TR-kisa.pdf,,2020-05-29,National,https://saharating.com/ratingler/doruk-finansman-a-s/,,,(TR) A3,SAHA Rating,https://saharating.com/rating/kredi-derecelendirme-ratingler/,
,,,Halk Faktoring,Halk Faktoring,TR,2026-06-10T11:45:51.451453Z,0.55,rating_261927065a09f605d2f6b3b0,(TR) AA,,Durağan,Stabil,https://saharating.com/wp-content/uploads/2020/05/HALK-Faktoring-Teyit-Raporu-2020.pdf,,2020-05-11,National,https://saharating.com/ratingler/halk-faktoring-a-s/,,,(TR) A1+,SAHA Rating,https://saharating.com/rating/kredi-derecelendirme-ratingler/,
Güncelleme,Güncelleme,,Hayat Varlık Yönetim Şirketi,Hayat Varlık Yönetim Şirketi A.Ş.,TR,2026-06-10T11:46:44.683661Z,0.9,rating_e3e58965a28fb046287a149e,TR AA,,Pozitif,Pozitif,https://turkrating.com/files/uploads/hayat-varlik-yonetim-sirketi-as-26958.pdf,2020-04-20,2020-04-20,National,https://turkrating.com/files/uploads/hayat-varlik-yonetim-sirketi-as-26958.pdf,Varlık Yönetim,Varlık Yönetim,TR A1,TurkRating,https://turkrating.com/banka-disi-finans-kuruluslari-rl-08941.html,
,,,Karsan,Karsan,TR,2026-06-10T11:45:51.468824Z,0.55,rating_78aafaf3355240a4afdb7777,(TR) BBB+,,Negatif,Negatif,https://saharating.com/wp-content/uploads/2020/04/KARSN-2020-04-09-TR-kisa.pdf,,2020-04-09,National,https://saharating.com/ratingler/karsan-otomotiv-a-s/,,,(TR) A2,SAHA Rating,https://saharating.com/rating/kredi-derecelendirme-ratingler/,
,,,Koçtaş,Koçtaş,TR,2026-06-10T11:45:51.483687Z,0.55,rating_feeee95abce1ca97686a4223,Duyuru,,,,https://saharating.com/wp-content/uploads/2020/03/Koctas-Duyuru.pdf,,2020-03-17,National,https://saharating.com/ratingler/koctas-yapi-marketleri-ticaret-a-s/,,,,SAHA Rating,https://saharating.com/rating/kredi-derecelendirme-ratingler/,
İlk Kez,İlk Kez,,Gübre Fabrikaları Türk .\'nin Fon Kullanıcısı ve Kaynak Kuruluşu Olduğu Kira Sertifikası,Gübre Fabrikaları Türk A.Ş.\'nin Fon Kullanıcısı ve Kaynak Kuruluşu Olduğu Kira Sertifikası,TR,2026-06-10T11:46:44.725576Z,0.9,rating_88d1c6bb8eaf6bd92426f648,,,,-,https://turkrating.com/files/uploads/gubre-fabrikalari-turk-as-nin-fon-kullanicisi-ve-kaynak-kurulusu-oldugu-kira-sertifikasi-07254.pdf,2020-03-09,2020-03-09,National,https://turkrating.com/files/uploads/gubre-fabrikalari-turk-as-nin-fon-kullanicisi-ve-kaynak-kurulusu-oldugu-kira-sertifikasi-07254.pdf,Kimyasal Gübre,Kimyasal Gübre,TR A1,TurkRating,https://turkrating.com/borclanma-araclari-rl-52940.html,
İlk Kez,İlk Kez,,Altın Marka Gıda Sanayi ve Ticaret,Altın Marka Gıda Sanayi ve Ticaret A.Ş.,TR,2026-06-10T11:46:44.593992Z,0.9,rating_17e5e2d635600472ba48b8a1,TR A+,,Durağan,Durağan,https://turkrating.com/files/uploads/altin-marka-gida-sanayi-ve-ticaret-as-17096.pdf,2019-12-24,2019-12-24,National,https://turkrating.com/files/uploads/altin-marka-gida-sanayi-ve-ticaret-as-17096.pdf,Yiyecek ve İçecek,Yiyecek ve İçecek,TR A1,TurkRating,https://turkrating.com/reel-sektor-rl-81570.html,
,,,Türk Traktör,Türk Traktör,TR,2026-06-10T11:45:51.540603Z,0.55,rating_5c00e7d226d2b0e7ce379eff,Duyuru,,,,https://saharating.com/wp-content/uploads/2019/11/Turk-Traktor-Duyuru.pdf,,2019-11-25,National,https://saharating.com/ratingler/turk-traktor-ve-ziraat-makineleri-a-s/,,,,SAHA Rating,https://saharating.com/rating/kredi-derecelendirme-ratingler/,
Güncelleme,Güncelleme,,Arzum Elektrikli Ev Aletleri Sanayi Ticaret,Arzum Elektrikli Ev Aletleri Sanayi Ticaret A.Ş..,TR,2026-06-10T11:46:44.595655Z,0.9,rating_f367a405e3e5d1905f8e7932,TR AA+,,Durağan,Durağan,https://turkrating.com/files/uploads/arzum-elektrikli-ev-aletleri-sanayi-ticaret-as-49275.pdf,2019-07-30,2019-07-30,National,https://turkrating.com/files/uploads/arzum-elektrikli-ev-aletleri-sanayi-ticaret-as-49275.pdf,Küçük Ev Aletleri,Küçük Ev Aletleri,TR A1,TurkRating,https://turkrating.com/reel-sektor-rl-81570.html,
Güncelleme,Güncelleme,,Turk Elektronik Para,Turk Elektronik Para AŞ,TR,2026-06-10T11:46:44.687598Z,0.9,rating_119de81d7307176fa383c135,TR A,,Durağan,Durağan,https://turkrating.com/files/uploads/turk-elektronik-para-as-74163.pdf,2019-07-03,2019-07-03,National,https://turkrating.com/files/uploads/turk-elektronik-para-as-74163.pdf,Elektronik Para,Elektronik Para,TR A1,TurkRating,https://turkrating.com/banka-disi-finans-kuruluslari-rl-08941.html,
,,,VAKIF GAYRİMENKUL YATIRIM ORTAKLIĞI,VAKIF GAYRİMENKUL YATIRIM ORTAKLIĞI A.Ş.,TR,2026-06-10T11:19:47.204863Z,0.9,rating_0181b24b29c84b4233b30a23,KR A,KobiRate detail page parsed; public PDF/report URL is only stored when the page exposes a direct link.,Durağan,DURAĞAN,,2019-06-26,2019-06-26,National,,Gayrimenkul faaliyetleri,Gayrimenkul faaliyetleri,KA A-2,KobiRate,https://www.kobirate.com.tr/Kredi-Derecelendirme-Raporlari/detay.aspx?id=5506,2020-06-26
Güncelleme,Güncelleme,,Nobel İlaç Sanayii ve Ticaret,Nobel İlaç Sanayii ve Ticaret A.Ş.,TR,2026-06-10T11:46:44.596641Z,0.9,rating_653caf0d10c7be2bc584f4cb,TR A+,,Durağan,Durağan,https://turkrating.com/files/uploads/nobel-ilac-sanayii-ve-ticaret-as-84390.pdf,2019-05-31,2019-05-31,National,https://turkrating.com/files/uploads/nobel-ilac-sanayii-ve-ticaret-as-84390.pdf,İlaç,İlaç,TR A1,TurkRating,https://turkrating.com/reel-sektor-rl-81570.html,
Güncelleme,Güncelleme,,Aksa Enerji Üretim,Aksa Enerji Üretim A.Ş.,TR,2026-06-10T11:46:44.596981Z,0.9,rating_75e486f1132bdb19961caf09,TR A+,,Pozitif,Pozitif,https://turkrating.com/files/uploads/aksa-enerji-uretim-as-43658.pdf,2019-05-29,2019-05-29,National,https://turkrating.com/files/uploads/aksa-enerji-uretim-as-43658.pdf,Enerji,Enerji,TR A1,TurkRating,https://turkrating.com/reel-sektor-rl-81570.html,
,,,VAKIF YATIRIM MENKUL DEĞERLER,VAKIF YATIRIM MENKUL DEĞERLER A.Ş.,TR,2026-06-10T11:19:47.207818Z,0.9,rating_4d1c9c111f3c4c3895710378,KR AA-,KobiRate detail page parsed; public PDF/report URL is only stored when the page exposes a direct link.,OLUMLU,OLUMLU,,2019-05-17,2019-05-17,National,,Finans ve sigorta faaliyetleri,Finans ve sigorta faaliyetleri,KR A-1,KobiRate,https://www.kobirate.com.tr/Kredi-Derecelendirme-Raporlari/detay.aspx?id=5511,2020-05-17
,,,KARSAN OTOMOTİV SANAYİİ VE TİCARET,KARSAN OTOMOTİV SANAYİİ VE TİCARET A.Ş.,TR,2026-06-10T11:19:47.210867Z,0.9,rating_646403bc5cc916029754fab8,KR BBB+,KobiRate detail page parsed; public PDF/report URL is only stored when the page exposes a direct link.,Durağan,DURAĞAN,,2019-04-18,2019-04-18,National,,"Motorlu kara taşıtı, treyler (römork) ve yarı treyler (yarı römork) imalatı","Motorlu kara taşıtı, treyler (römork) ve yarı treyler (yarı römork) imalatı",KR A-3,KobiRate,https://www.kobirate.com.tr/Kredi-Derecelendirme-Raporlari/detay.aspx?id=4307,2020-04-18
,,,Çelik Motor,Çelik Motor,TR,2026-06-10T11:45:51.433015Z,0.55,rating_bf320d0296ac72b897cfe46e,KA,,KA,KA,,,2019-04-18,National,https://saharating.com/ratingler/celik-motor-tic-a-s/,,,KA,SAHA Rating,https://saharating.com/rating/kredi-derecelendirme-ratingler/,
,,,Garanti Filo,Garanti Filo,TR,2026-06-10T11:45:51.442428Z,0.55,rating_e2c11a687a110055606a7083,Duyuru,,,,https://saharating.com/wp-content/uploads/2019/03/Garanti-Filo-Duyuru.pdf,,2019-03-19,National,https://saharating.com/ratingler/garanti-filo-yonetim-hizmetleri-a-s/,,,,SAHA Rating,https://saharating.com/rating/kredi-derecelendirme-ratingler/,
Güncelleme,Güncelleme,,IC İçtaş Enerji Yatırım Holding,IC İçtaş Enerji Yatırım Holding A.Ş.,TR,2026-06-10T11:46:44.598371Z,0.9,rating_b4dced0f76187806af5ea8ba,TR A-,,Negatif,Negatif,https://turkrating.com/files/uploads/ic-ictas-enerji-yatirim-holding-as-8756.pdf,2018-09-24,2018-09-24,National,https://turkrating.com/files/uploads/ic-ictas-enerji-yatirim-holding-as-8756.pdf,Enerji,Enerji,TR A2,TurkRating,https://turkrating.com/reel-sektor-rl-81570.html,
Güncelleme,Güncelleme,,YDA İnşaat ve Sanayi,YDA İnşaat ve Sanayi A.Ş.,TR,2026-06-10T11:46:44.598707Z,0.9,rating_0589d32366da28493898acb9,TR AA+,,Durağan,Durağan,https://turkrating.com/files/uploads/yda-insaat-ve-sanayi-as-8315.pdf,2018-08-17,2018-08-17,National,https://turkrating.com/files/uploads/yda-insaat-ve-sanayi-as-8315.pdf,İnşaat,İnşaat,TR A1,TurkRating,https://turkrating.com/reel-sektor-rl-81570.html,
Güncelleme,Güncelleme,,Arzum Elektrikli Ev Aletleri Sanayi ve Ticaret,Arzum Elektrikli Ev Aletleri Sanayi ve Ticaret A.Ş.,TR,2026-06-10T11:46:44.599389Z,0.9,rating_aacdc07018ebcd3e0212b701,TR AA,,Pozitif,Pozitif,https://turkrating.com/files/uploads/arzum-elektrikli-ev-aletleri-sanayi-ve-ticaret-as-2541.pdf,2018-06-29,2018-06-29,National,https://turkrating.com/files/uploads/arzum-elektrikli-ev-aletleri-sanayi-ve-ticaret-as-2541.pdf,Küçük Ev Aletleri,Küçük Ev Aletleri,TR A1,TurkRating,https://turkrating.com/reel-sektor-rl-81570.html,
Güncelleme,Güncelleme,,Türkerler İnşaat Turizm Madencilik Enerji Üretim Ticaret ve Sanayi,Türkerler İnşaat Turizm Madencilik Enerji Üretim Ticaret ve Sanayi A.Ş.,TR,2026-06-10T11:46:44.600104Z,0.9,rating_e1e8667e720c882e6ba35aa8,TR A,,Durağan,Durağan,https://turkrating.com/files/uploads/turkerler-insaat-turizm-madencilik-enerji-uretim-ticaret-ve-sanayi-as-29847.pdf,2018-06-07,2018-06-07,National,https://turkrating.com/files/uploads/turkerler-insaat-turizm-madencilik-enerji-uretim-ticaret-ve-sanayi-as-29847.pdf,İnşaat/Enerji,İnşaat/Enerji,TR A2,TurkRating,https://turkrating.com/reel-sektor-rl-81570.html,
İlk Kez,İlk Kez,,Hemenal Finansman,Hemenal Finansman A.Ş.,TR,2026-06-10T11:46:44.690980Z,0.9,rating_b24f9139ea4a95751c21251d,TR A-,,Pozitif,Pozitif,https://turkrating.com/files/uploads/hemenal-finansman-as-1704.pdf,2018-05-30,2018-05-30,National,https://turkrating.com/files/uploads/hemenal-finansman-as-1704.pdf,Finansman,Finansman,TR A2,TurkRating,https://turkrating.com/banka-disi-finans-kuruluslari-rl-08941.html,
Güncelleme,Güncelleme,,Güven Varlık Yönetim,Güven Varlık Yönetim A.Ş.,TR,2026-06-10T11:46:44.691688Z,0.9,rating_dfb884af3b87259f9b97864a,TR AA,,Pozitif,Pozitif,https://turkrating.com/files/uploads/guven-varlik-yonetim-as-7531.pdf,2018-04-24,2018-04-24,National,https://turkrating.com/files/uploads/guven-varlik-yonetim-as-7531.pdf,Varlık Yönetim,Varlık Yönetim,TR A1,TurkRating,https://turkrating.com/banka-disi-finans-kuruluslari-rl-08941.html,
Güncelleme,Güncelleme,,Finans Faktoring,Finans Faktoring A.Ş.,TR,2026-06-10T10:42:09.073343Z,0.9,rating_b81946357e790884c7c503dc,TR A+,,Pozitif,Pozitif,https://turkrating.com/files/uploads/finans-faktoring-as-70492.pdf,2018-04-06,2018-04-06,National,https://turkrating.com/files/uploads/finans-faktoring-as-70492.pdf,Faktoring,Faktoring,TR A1,TurkRating,https://turkrating.com/banka-disi-finans-kuruluslari-rl-08941.html,
Geri Çekildi,Geri Çekme,,Mercedes-Benz Finansman Türk,Mercedes-Benz Finansman Türk A.Ş.,TR,2026-06-10T11:46:44.693417Z,0.9,rating_57b573b8e2d8f252fdd1e28c,,,,-,https://turkrating.com/files/uploads/mercedes-benz-finansman-turk-as-64597.pdf,2018-03-13,2018-03-13,National,https://turkrating.com/files/uploads/mercedes-benz-finansman-turk-as-64597.pdf,Finansman,Finansman,,TurkRating,https://turkrating.com/banka-disi-finans-kuruluslari-rl-08941.html,
,,,Reysaş GYO,Reysaş GYO,TR,2026-06-10T11:45:51.511113Z,0.55,rating_47e1fe3baac677f426db4975,Duyuru,,,,https://saharating.com/wp-content/uploads/2018/03/REYSAS-Duyuru.pdf,,2018-03-09,National,https://saharating.com/ratingler/reysas-gayrimenkul-yatirim-ortakligi-a-s/,,,,SAHA Rating,https://saharating.com/rating/kredi-derecelendirme-ratingler/,
İlk Kez,İlk Kez,,Doğtaş Kelebek Mobilya Sanayi Ve Ticaret,Doğtaş Kelebek Mobilya Sanayi Ve Ticaret A.Ş.,TR,2026-06-10T11:46:44.601159Z,0.9,rating_20b999af1d2b2c98b3ae31f8,TR A-,,Durağan,Durağan,https://turkrating.com/files/uploads/dogtas-kelebek-mobilya-sanayi-ve-ticaret-as-4571.pdf,2018-02-28,2018-02-28,National,https://turkrating.com/files/uploads/dogtas-kelebek-mobilya-sanayi-ve-ticaret-as-4571.pdf,Mobilya,Mobilya,TR A2,TurkRating,https://turkrating.com/reel-sektor-rl-81570.html,
Güncelleme,Güncelleme,,Limak Çimento Sanayi ve Ticaret,Limak Çimento Sanayi ve Ticaret A.Ş.,TR,2026-06-10T11:46:44.601530Z,0.9,rating_f88d83c5e25c97d721021351,TR AA,,Durağan,Durağan,https://turkrating.com/files/uploads/limak-cimento-sanayi-ve-ticaret-as-1785.pdf,2017-12-29,2017-12-29,National,https://turkrating.com/files/uploads/limak-cimento-sanayi-ve-ticaret-as-1785.pdf,Çimento,Çimento,TR A1,TurkRating,https://turkrating.com/reel-sektor-rl-81570.html,
İlk Kez,İlk Kez,,Toprak Mahsulleri Ofisinin Fon Kullanıcısı ve Kaynak Kuruluşu Olduğu Kira Sertifikası,Toprak Mahsulleri Ofisinin Fon Kullanıcısı ve Kaynak Kuruluşu Olduğu Kira Sertifikası,TR,2026-06-10T11:46:44.725935Z,0.9,rating_bf64161590befbcf8239bf9e,TR--,,,-,https://turkrating.com/files/uploads/toprak-mahsulleri-ofisi-nin-fon-kullanicisi-ve-ve-kaynak-kurulusu-oldugu-kira-sertifikasi-0561.pdf,2017-11-23,2017-11-23,National,https://turkrating.com/files/uploads/toprak-mahsulleri-ofisi-nin-fon-kullanicisi-ve-ve-kaynak-kurulusu-oldugu-kira-sertifikasi-0561.pdf,Tarımsal Ürünler,Tarımsal Ürünler,TR A1,TurkRating,https://turkrating.com/borclanma-araclari-rl-52940.html,
İlk Kez,İlk Kez,,Uludağ Elektrik Dağıtım,Uludağ Elektrik Dağıtım A.Ş.,TR,2026-06-10T11:46:44.602208Z,0.9,rating_a524a9d4eba176ec5e74aebd,TR A+,,Durağan,Durağan,https://turkrating.com/files/uploads/uludag-elektrik-dagitim-as-8523.pdf,2017-11-01,2017-11-01,National,https://turkrating.com/files/uploads/uludag-elektrik-dagitim-as-8523.pdf,Elektrik Dağıtım,Elektrik Dağıtım,TR A1,TurkRating,https://turkrating.com/reel-sektor-rl-81570.html,
,,,İLLER BANKASI,İLLER BANKASI A.Ş,TR,2026-06-10T11:19:47.170327Z,0.9,rating_017b7a2b8eb97f4f4953eb45,AAA,KobiRate detail page parsed; public PDF/report URL is only stored when the page exposes a direct link.,Durağan,DURAĞAN,,2017-08-25,2017-08-25,National,,Banka,Bankalar,A-1,KobiRate,https://www.kobirate.com.tr/Kredi-Derecelendirme-Raporlari/detay.aspx?id=42,2018-08-25
Güncelleme,Güncelleme,,Tiryaki Agro Gıda Sanayi ve Ticaret,Tiryaki Agro Gıda Sanayi ve Ticaret A.Ş.,TR,2026-06-10T11:46:44.604304Z,0.9,rating_1cd180a3b4c659bb5bac05a0,TR AA,,Durağan,Durağan,https://turkrating.com/files/uploads/tiryaki-agro-gida-sanayi-ve-ticaret-as-4325.pdf,2017-06-02,2017-06-02,National,https://turkrating.com/files/uploads/tiryaki-agro-gida-sanayi-ve-ticaret-as-4325.pdf,Tarımsal Ürünler,Tarımsal Ürünler,TR A1,TurkRating,https://turkrating.com/reel-sektor-rl-81570.html,
Güncelleme,Güncelleme,,Volkswagen Doğuş Finansman,Volkswagen Doğuş Finansman A.Ş.,TR,2026-06-10T11:46:44.694792Z,0.9,rating_c37ee5247e51b357aeb7ba66,TR AA+,,Durağan,Durağan,https://turkrating.com/files/uploads/volkswagen-dogus-finansman-as-3496.pdf,2017-05-18,2017-05-18,National,https://turkrating.com/files/uploads/volkswagen-dogus-finansman-as-3496.pdf,Finansman,Finansman,TR A1,TurkRating,https://turkrating.com/banka-disi-finans-kuruluslari-rl-08941.html,
Geri Çekildi,Geri Çekme,,ALJ Finansman,ALJ Finansman A.Ş.,TR,2026-06-10T11:46:44.695476Z,0.9,rating_50f0798045fe54fc249a2014,,,,-,https://turkrating.com/files/uploads/alj-finansman-as-19064.pdf,2017-04-27,2017-04-27,National,https://turkrating.com/files/uploads/alj-finansman-as-19064.pdf,Finansman,Finansman,,TurkRating,https://turkrating.com/banka-disi-finans-kuruluslari-rl-08941.html,
İlk Kez,İlk Kez,,Limak Yatırım Enerji Üretim işletme Hizmetleri ve İnşaat,Limak Yatırım Enerji Üretim işletme Hizmetleri ve İnşaat A.Ş.,TR,2026-06-10T11:46:44.606422Z,0.9,rating_4053a9c9bbbe6474b1dbd0e5,TR AA-,,Durağan,Durağan,https://turkrating.com/files/uploads/limak-yatirim-enerji-uretim-isletme-hizmetleri-ve-insaat-as-96382.pdf,2016-12-05,2016-12-05,National,https://turkrating.com/files/uploads/limak-yatirim-enerji-uretim-isletme-hizmetleri-ve-insaat-as-96382.pdf,Enerji,Enerji,TR A1,TurkRating,https://turkrating.com/reel-sektor-rl-81570.html,
,,,Ulusoy Un,Ulusoy Un,TR,2026-06-10T11:45:51.542981Z,0.55,rating_5dd0238392631d737541921c,(TR) A-,,Durağan,Stabil,https://saharating.com/wp-content/uploads/2016/10/Ulusoy-Un-Kredi-Derecelendirme-Raporu.pdf,,2016-10-14,National,https://saharating.com/ratingler/ulusoy-un-sanayi-ve-ticaret-a-s/,,,(TR) A2,SAHA Rating,https://saharating.com/rating/kredi-derecelendirme-ratingler/,
Geri Çekildi,Geri Çekme,,Saray Halı,Saray Halı A.Ş.,TR,2026-06-10T11:46:44.607459Z,0.9,rating_363a9d6676113ce119265810,,,,-,https://turkrating.com/files/uploads/saray-hali-as-2341.pdf,2016-08-09,2016-08-09,National,https://turkrating.com/files/uploads/saray-hali-as-2341.pdf,Makine Halısı,Makine Halısı,,TurkRating,https://turkrating.com/reel-sektor-rl-81570.html,
Güncelleme,Güncelleme,,Kablotek Kablo Sanayi Ticaret,Kablotek Kablo Sanayi Ticaret A.Ş.,TR,2026-06-10T11:46:44.607796Z,0.9,rating_ff011d545976d511604bfd49,TR D,,,-,https://turkrating.com/files/uploads/kablotek-kablo-sanayi-ticaret-as-9068.pdf,2016-07-26,2016-07-26,National,https://turkrating.com/files/uploads/kablotek-kablo-sanayi-ticaret-as-9068.pdf,Kablo,Kablo,TR D,TurkRating,https://turkrating.com/reel-sektor-rl-81570.html,
,,,Dorak Turizm,Dorak Turizm,TR,2026-06-10T11:45:51.440096Z,0.55,rating_bdec840d323eb9dd775deb1f,KA,,KA,KA,,,2016-06-14,National,https://saharating.com/ratingler/dorak-turizm-ve-gayr-yat-holding-a-s/,,,KA,SAHA Rating,https://saharating.com/rating/kredi-derecelendirme-ratingler/,
Geri Çekildi,Geri Çekme,,Deniz Faktoring,Deniz Faktoring A.Ş.,TR,2026-06-10T11:46:44.698719Z,0.9,rating_2900fe86c653e6615cbff661,,,,-,https://turkrating.com/files/uploads/deniz-faktoring-as-27865.pdf,2016-06-06,2016-06-06,National,https://turkrating.com/files/uploads/deniz-faktoring-as-27865.pdf,Faktoring,Faktoring,,TurkRating,https://turkrating.com/banka-disi-finans-kuruluslari-rl-08941.html,
,,,TURYAP YAPI SANAYİ VE TİCARET,TURYAP YAPI SANAYİ VE TİCARET A.Ş.,TR,2026-06-10T11:19:47.214418Z,0.9,rating_cdebcb4b0602ff9c193040e6,BBB-,KobiRate detail page parsed; public PDF/report URL is only stored when the page exposes a direct link.,Durağan,DURAĞAN,,2016-05-24,2016-05-24,National,,Gayrimenkul faaliyetleri,Gayrimenkul faaliyetleri,A-3,KobiRate,https://www.kobirate.com.tr/Kredi-Derecelendirme-Raporlari/detay.aspx?id=4051,2017-05-24
Güncelleme,Güncelleme,,Turkasset Varlık Yönetim,Turkasset Varlık Yönetim A.Ş.,TR,2026-06-10T11:46:44.701206Z,0.9,rating_8f76771026ef6dcd89ec66a0,TR AA-,,Pozitif,Pozitif,https://turkrating.com/files/uploads/turkasset-varlik-yonetim-as-87492.pdf,2016-04-19,2016-04-19,National,https://turkrating.com/files/uploads/turkasset-varlik-yonetim-as-87492.pdf,Varlık Yönetim,Varlık yönetim,TR A1,TurkRating,https://turkrating.com/banka-disi-finans-kuruluslari-rl-08941.html,
İlk Kez,İlk Kez,,Limak Çimeto Sanayi ve Ticaret,Limak Çimeto Sanayi ve Ticaret A.Ş.,TR,2026-06-10T11:46:44.610395Z,0.9,rating_71a518157dbef608edc1702b,TR AA-,,Durağan,Durağan,https://turkrating.com/files/uploads/limak-cimento-sanayi-ve-ticaret-as-5920.pdf,2015-12-14,2015-12-14,National,https://turkrating.com/files/uploads/limak-cimento-sanayi-ve-ticaret-as-5920.pdf,Çimento,Çimento,TR A1,TurkRating,https://turkrating.com/reel-sektor-rl-81570.html,
Güncelleme,Güncelleme,,Arzum Elektrikli Ev Aletleri San. ve Tic,Arzum Elektrikli Ev Aletleri San. ve Tic. A.Ş.,TR,2026-06-10T11:46:44.612263Z,0.9,rating_3d491d59a28ded23be241eb7,TR AA-,,Durağan,Durağan,https://turkrating.com/files/uploads/arzum-elektrikli-ev-aletleri-san-ve-tic-as-7841.pdf,2015-07-24,2015-07-24,National,https://turkrating.com/files/uploads/arzum-elektrikli-ev-aletleri-san-ve-tic-as-7841.pdf,Küçük Ev Aletleri,Küçük Ev Aletleri,TR A1,TurkRating,https://turkrating.com/reel-sektor-rl-81570.html,
,,,SARAY MATBAACILIK KAĞITÇILIK KIRTASİYECİLİK TİCARET VE SAN,SARAY MATBAACILIK KAĞITÇILIK KIRTASİYECİLİK TİCARET VE SAN.A.Ş.,TR,2026-06-10T11:19:47.213444Z,0.9,rating_b3fcab66cfb4e942cca224b5,BBB-,KobiRate detail page parsed; public PDF/report URL is only stored when the page exposes a direct link.,Durağan,DURAĞAN,,2015-07-23,2015-07-23,National,,Kağıt ve kağıt ürünlerinin imalatı,Kağıt ve kağıt ürünlerinin imalatı,A-3,KobiRate,https://www.kobirate.com.tr/Kredi-Derecelendirme-Raporlari/detay.aspx?id=2045,2016-07-23
İlk Kez,İlk Kez,,Merko Gıda Sanayi ve Ticaret,Merko Gıda Sanayi ve Ticaret A.Ş.,TR,2026-06-10T11:46:44.612612Z,0.9,rating_a64b6e7a21b31e5ddba950bd,TR BBB+,,Durağan,Durağan,https://turkrating.com/files/uploads/merko-gida-sanayi-ve-ticaret-as-94310.pdf,2015-07-06,2015-07-06,National,https://turkrating.com/files/uploads/merko-gida-sanayi-ve-ticaret-as-94310.pdf,Gıda,Gıda,TR A2,TurkRating,https://turkrating.com/reel-sektor-rl-81570.html,
İlk Kez,İlk Kez,,Yataş Yatak ve Yorgan Sanayi Ticaret,Yataş Yatak ve Yorgan Sanayi Ticaret A.Ş.,TR,2026-06-10T11:46:44.613013Z,0.9,rating_88a2c3144e52101dc6487233,TR A+,,Pozitif,Pozitif,https://turkrating.com/files/uploads/yatas-yatak-ve-yorgan-sanayi-ticaret-as-54219.pdf,2015-06-30,2015-06-30,National,https://turkrating.com/files/uploads/yatas-yatak-ve-yorgan-sanayi-ticaret-as-54219.pdf,Mobilya,Mobilya,TR A1,TurkRating,https://turkrating.com/reel-sektor-rl-81570.html,
İlk Kez,İlk Kez,,Girişim Varlık Yönetimi,Girişim Varlık Yönetimi A.Ş.,TR,2026-06-10T11:46:44.705514Z,0.9,rating_3b8e64289062e8eb412fc80c,TR AA,,Pozitif,Pozitif,https://turkrating.com/files/uploads/girisim-varlik-yonetimi-as-9264.pdf,2015-06-19,2015-06-19,National,https://turkrating.com/files/uploads/girisim-varlik-yonetimi-as-9264.pdf,Varlık Yönetim,Varlık Yönetim,TR A1,TurkRating,https://turkrating.com/banka-disi-finans-kuruluslari-rl-08941.html,
İlk Kez,İlk Kez,,ParaFinans Faktoring,ParaFinans Faktoring A.Ş.,TR,2026-06-10T11:46:44.706304Z,0.9,rating_7bd279168496ee6abd5626eb,TR A-,,Pozitif,Pozitif,https://turkrating.com/files/uploads/parafinans-faktoring-as-28654.pdf,2015-05-20,2015-05-20,National,https://turkrating.com/files/uploads/parafinans-faktoring-as-28654.pdf,Faktoring,Faktoring,TR A2,TurkRating,https://turkrating.com/banka-disi-finans-kuruluslari-rl-08941.html,
İlk Kez,İlk Kez,,Doğuş Çay ve Gıda Maddeleri Üretim Pazarlama İthalat İhracat,Doğuş Çay ve Gıda Maddeleri Üretim Pazarlama İthalat İhracat A.Ş.,TR,2026-06-10T11:46:44.613812Z,0.9,rating_9ad76f3d492531497e315531,TR BBB+,,Durağan,Durağan,https://turkrating.com/files/uploads/dogus-cay-ve-gida-maddeleri-uretim-pazarlama-ithalat-ihracat-as-3200.pdf,2015-04-16,2015-04-16,National,https://turkrating.com/files/uploads/dogus-cay-ve-gida-maddeleri-uretim-pazarlama-ithalat-ihracat-as-3200.pdf,Gıda,Gıda,TR A2,TurkRating,https://turkrating.com/reel-sektor-rl-81570.html,
İzleme,İzleme,,Kablotek Kablo San.ve Tic,Kablotek Kablo San.ve Tic. A.S.,TR,2026-06-10T11:46:44.614192Z,0.9,rating_57645eb12e4745df019133c2,,,,-,https://turkrating.com/files/uploads/kablotek-kablo-sanve-tic-as-7062.pdf,2015-02-16,2015-02-16,National,https://turkrating.com/files/uploads/kablotek-kablo-sanve-tic-as-7062.pdf,Kablo,Kablo,,TurkRating,https://turkrating.com/reel-sektor-rl-81570.html,
Geri Çekildi,Geri Çekme,,Yeşil Gayrimenkul Yatırım Ortaklığı,Yeşil Gayrimenkul Yatırım Ortaklığı A.Ş.,TR,2026-06-10T11:46:44.615244Z,0.9,rating_a9f2919d66167994531fce2a,,,,-,https://turkrating.com/files/uploads/yesil-gayrimenkul-yatirim-ortakligi-as-9430.pdf,2014-08-28,2014-08-28,National,https://turkrating.com/files/uploads/yesil-gayrimenkul-yatirim-ortakligi-as-9430.pdf,GYO,GYO,,TurkRating,https://turkrating.com/reel-sektor-rl-81570.html,
İlk Kez,İlk Kez,,Demirer Enerji Üretim ve San.Tic,Demirer Enerji Üretim ve San.Tic. A.Ş.,TR,2026-06-10T11:46:44.615592Z,0.9,rating_1623260ec68485474ea06f5a,TR AA,,Pozitif,Pozitif,https://turkrating.com/files/uploads/demirer-enerji-uretim-ve-santic-as-08357.pdf,2014-08-14,2014-08-14,National,https://turkrating.com/files/uploads/demirer-enerji-uretim-ve-santic-as-08357.pdf,Enerji,Enerji,TR A1,TurkRating,https://turkrating.com/reel-sektor-rl-81570.html,
İlk Kez,İlk Kez,,Strateji Faktoring,Strateji Faktoring A.S.,TR,2026-06-10T11:46:44.709704Z,0.9,rating_f65a7e10e9f51adcb5d4bad7,TR A-,,Pozitif,Pozitif,https://turkrating.com/files/uploads/strateji-faktoring-as-2400.pdf,2014-05-27,2014-05-27,National,https://turkrating.com/files/uploads/strateji-faktoring-as-2400.pdf,Faktoring,Faktoring,TR A2,TurkRating,https://turkrating.com/banka-disi-finans-kuruluslari-rl-08941.html,
İlk Kez,İlk Kez,,Karsan Otomotiv Sanayii Ve Tic,Karsan Otomotiv Sanayii Ve Tic. A.Ş.,TR,2026-06-10T11:46:44.616314Z,0.9,rating_ca581cfecc7e3c55188e9ba8,TR A-,,Durağan,Durağan,https://turkrating.com/files/uploads/karsan-otomotiv-sanayii-ve-tic-as-7893.pdf,2014-01-13,2014-01-13,National,https://turkrating.com/files/uploads/karsan-otomotiv-sanayii-ve-tic-as-7893.pdf,Otomotiv,Otomotiv,TR A2,TurkRating,https://turkrating.com/reel-sektor-rl-81570.html,
,,,MALKOÇLAR OTOMOTİV SANAYİ VE TİCARET,MALKOÇLAR OTOMOTİV SANAYİ VE TİCARET A.Ş.,TR,2026-06-10T11:19:47.215905Z,0.9,rating_59aca04dfe84961664576bb2,BB+,KobiRate detail page parsed; public PDF/report URL is only stored when the page exposes a direct link.,Durağan,Durağan,,2014-01-03,2014-01-03,National,,"Motorlu kara taşıtı, treyler (römork) ve yarı treyler (yarı römork) imalatı","Motorlu kara taşıtı, treyler (römork) ve yarı treyler (yarı römork) imalatı",KR-B,KobiRate,https://www.kobirate.com.tr/Kredi-Derecelendirme-Raporlari/detay.aspx?id=30,2015-01-03
,,,GATE ELEKTRONİK SANAYİ VE TİCARET,GATE ELEKTRONİK SANAYİ VE TİCARET A.Ş.,TR,2026-06-10T11:19:47.214973Z,0.9,rating_9678eead489b3ef0a5c2b90d,A,KobiRate detail page parsed; public PDF/report URL is only stored when the page exposes a direct link.,Pozitif,Pozitif,,2013-12-31,2013-12-31,National,,"Bilgisayarların, elektronik ve optik ürünlerin imalatı","Bilgisayarların, elektronik ve optik ürünlerin imalatı",KR A-2,KobiRate,https://www.kobirate.com.tr/Kredi-Derecelendirme-Raporlari/detay.aspx?id=26,2014-12-31
,,,HİSARLAR MAKİNA SANAYİ VE TİCARET,HİSARLAR MAKİNA SANAYİ VE TİCARET A.Ş.,TR,2026-06-10T11:19:47.213875Z,0.9,rating_b28f3293341b65756a274944,BBB+,KobiRate detail page parsed; public PDF/report URL is only stored when the page exposes a direct link.,Pozitif,Pozitif,,2013-12-31,2013-12-31,National,,"Motorlu kara taşıtı, treyler (römork) ve yarı treyler (yarı römork) imalatı","Motorlu kara taşıtı, treyler (römork) ve yarı treyler (yarı römork) imalatı",KR A-3,KobiRate,https://www.kobirate.com.tr/Kredi-Derecelendirme-Raporlari/detay.aspx?id=27,2014-12-31
,,,LİMAK İNŞAAT SANAYİ VE TİCARET,LİMAK İNŞAAT SANAYİ VE TİCARET A.Ş.,TR,2026-06-10T11:19:47.210084Z,0.9,rating_e41687c0a0d6fc0f659568de,KR BBB+,KobiRate detail page parsed; public PDF/report URL is only stored when the page exposes a direct link.,Durağan,Durağan,,2013-11-01,2013-11-01,National,,İnşaat,İnşaat,KR A-3,KobiRate,https://www.kobirate.com.tr/Kredi-Derecelendirme-Raporlari/detay.aspx?id=24,2014-11-01
,,,Umur Basım,Umur Basım,TR,2026-06-10T11:45:51.543861Z,0.55,rating_007964def9831b479d2703ce,KA,,KA,KA,,,2013-08-28,National,https://saharating.com/ratingler/umur-basim-sanayi-ve-ticaret-a-s/,,,KA,SAHA Rating,https://saharating.com/rating/kredi-derecelendirme-ratingler/,
İlk Kez,İlk Kez,,Kapital Faktoring,Kapital Faktoring A.S.,TR,2026-06-10T11:46:44.710743Z,0.9,rating_1997147765d627fb7742d03b,TR AAA,,,-,https://turkrating.com/files/uploads/kapital-faktoring-as-4269.pdf,2013-07-22,2013-07-22,National,https://turkrating.com/files/uploads/kapital-faktoring-as-4269.pdf,Faktoring,Faktoring,TR A1,TurkRating,https://turkrating.com/banka-disi-finans-kuruluslari-rl-08941.html,
,,,Çukurova Makine Kiralama Pazarlama İth.İhr,Çukurova Makine Kiralama Pazarlama İth.İhr.A.Ş.,TR,2026-06-10T11:19:47.215467Z,0.9,rating_743257d3541420a63a6c29f8,BB-,KobiRate detail page parsed; public PDF/report URL is only stored when the page exposes a direct link.,Durağan,Durağan,,2013-07-15,2013-07-15,National,,İdari ve destek hizmet faaliyetleri,İdari ve destek hizmet faaliyetleri,B,KobiRate,https://www.kobirate.com.tr/Kredi-Derecelendirme-Raporlari/detay.aspx?id=22,2014-07-15
,,,Ditaş,Ditaş,TR,2026-06-10T11:45:51.439670Z,0.55,rating_0cee53fb59054142ba1bde47,(TR) BB+,,Durağan,Stabil,https://saharating.com/wp-content/uploads/2015/06/DITAS-DOGAN-10-Haziran-2013.pdf,,2013-06-10,National,https://saharating.com/ratingler/ditas-dogan-yed-parc-imal-ve-tek-a-s/,,,(TR) BB+,SAHA Rating,https://saharating.com/rating/kredi-derecelendirme-ratingler/,
,,,Çelik Halat,Çelik Halat,TR,2026-06-10T11:45:51.432585Z,0.55,rating_70bf607f0b661f9ce7f22443,(TR) BBB+,,Durağan,Stabil,https://saharating.com/wp-content/uploads/2015/06/CELIK-HALAT-10-Haziran-2013.pdf,,2013-06-10,National,https://saharating.com/ratingler/celik-halat-tel-ve-sanayii-a-s/,,,(TR) BBB+,SAHA Rating,https://saharating.com/rating/kredi-derecelendirme-ratingler/,
,,,ŞAHİN KALIP METAL SANAYİ,ŞAHİN KALIP METAL SANAYİ A.Ş.,TR,2026-06-10T11:19:47.216372Z,0.9,rating_e65384bfc1d192bd1d390108,C,KobiRate detail page parsed; public PDF/report URL is only stored when the page exposes a direct link.,Negatif,Negatif,,2013-02-15,2013-02-15,National,,Fabrikasyon metal ürünleri imalatı (makine ve teçhizat hariç),Fabrikasyon metal ürünleri imalatı (makine ve teçhizat hariç),B,KobiRate,https://www.kobirate.com.tr/Kredi-Derecelendirme-Raporlari/detay.aspx?id=31,2014-02-15
,,,HEMA ENDÜSTRİ,HEMA ENDÜSTRİ A.Ş.,TR,2026-06-10T11:19:47.212500Z,0.9,rating_9abd104d8144d0acc910fe45,BBB+,KobiRate detail page parsed; public PDF/report URL is only stored when the page exposes a direct link.,Durağan,Durağan,,2012-03-23,2012-03-23,National,,"Motorlu kara taşıtı, treyler (römork) ve yarı treyler (yarı römork) imalatı","Motorlu kara taşıtı, treyler (römork) ve yarı treyler (yarı römork) imalatı",A-3,KobiRate,https://www.kobirate.com.tr/Kredi-Derecelendirme-Raporlari/detay.aspx?id=25,2013-03-23
İlk Kez,İlk Kez,,Vakıf Finans Factoring Hizmetleri,Vakıf Finans Factoring Hizmetleri A.Ş.,TR,2026-06-10T11:46:44.711422Z,0.9,rating_8e03430dff1f94a78ff2fd5a,TR AA,,,-,https://turkrating.com/files/uploads/vakif-finans-factoring-hizmetleri-as-62037.pdf,2011-03-08,2011-03-08,National,https://turkrating.com/files/uploads/vakif-finans-factoring-hizmetleri-as-62037.pdf,Faktoring,Faktoring,TR A1,TurkRating,https://turkrating.com/banka-disi-finans-kuruluslari-rl-08941.html,
,,,Probil Bilgi İşlem Destek ve Danışmanlık Sanayi ve Ticaret,Probil Bilgi İşlem Destek ve Danışmanlık Sanayi ve Ticaret A.Ş.,TR,2026-06-10T11:19:47.212894Z,0.9,rating_fc855a11430410630600f5a4,KR BBB +,KobiRate detail page parsed; public PDF/report URL is only stored when the page exposes a direct link.,Durağan,Durağan,,2010-08-25,2010-08-25,National,,Bilgi ve iletişim,Bilgi ve iletişim,KR A -,KobiRate,https://www.kobirate.com.tr/Kredi-Derecelendirme-Raporlari/detay.aspx?id=23,2011-08-25
